Dataset,Hardware,Stage,stage_idx,stage_id,HV,IGD,Spacing,rank_hv,rank_igd,rank_spacing,Overall Rank
CIFAR-10,EdgeGPU,Full Proposed,3,full_proposed,1.0584753684259514,0.009616522272693306,0.027024349156875606,1.0,3.0,2.0,2.0
CIFAR-10,EdgeGPU,MOEA/D + GA,1,stage2_moead_ga,1.0485345382865778,0.007387444624120308,0.04616831521034432,2.0,1.0,3.0,2.0
CIFAR-10,EdgeGPU,MOEA/D+GA+PSO,2,stage3_moead_ga_pso,1.047575159103358,0.009367988936768544,0.026945155791259712,3.0,2.0,1.0,2.0
CIFAR-10,EdgeGPU,Random Search,0,stage1_random,1.0461677706771697,0.011650847687107443,0.20551425819948124,4.0,4.0,4.0,4.0
CIFAR-10,Eyeriss,Full Proposed,3,full_proposed,1.19201701283777,0.0066898278039647,0.008328875992276392,1.0,1.0,1.0,1.0
CIFAR-10,Eyeriss,MOEA/D + GA,1,stage2_moead_ga,1.0246184527939257,0.01699342763634486,0.033062149911372005,2.0,2.0,3.0,2.3333333333333335
CIFAR-10,Eyeriss,MOEA/D+GA+PSO,2,stage3_moead_ga_pso,1.019497889917218,0.026147476337194362,0.015482977912482059,3.0,3.0,2.0,2.6666666666666665
CIFAR-10,Eyeriss,Random Search,0,stage1_random,1.0102141333421948,0.0514580324696361,0.10684092269941023,4.0,4.0,4.0,4.0
CIFAR-10,RPi-4,MOEA/D + GA,1,stage2_moead_ga,1.1573102187209863,0.003524479320214962,0.051034874375726624,1.0,1.0,2.0,1.3333333333333333
CIFAR-10,RPi-4,MOEA/D+GA+PSO,2,stage3_moead_ga_pso,1.1562489988578897,0.005221974773234279,0.02398758286371503,3.0,2.0,1.0,2.0
CIFAR-10,RPi-4,Random Search,0,stage1_random,1.1565819423885029,0.005265083371727811,0.15887865943096927,2.0,3.0,3.0,2.6666666666666665
CIFAR-10,RasPi4,Full Proposed,3,full_proposed,1.1617920446407555,0.00413120210230379,0.03171511040155401,1.0,1.0,1.0,1.0
CIFAR-100,EdgeGPU,Full Proposed,3,full_proposed,1.0236407465881916,0.005459822543966057,0.02343348882687789,1.0,3.0,2.0,2.0
CIFAR-100,EdgeGPU,MOEA/D + GA,1,stage2_moead_ga,1.0213436273192917,0.0012432290037789652,0.04326582302917297,2.0,1.0,3.0,2.0
CIFAR-100,EdgeGPU,MOEA/D+GA+PSO,2,stage3_moead_ga_pso,1.0192773435569291,0.0021532226246714407,0.017506646556849175,3.0,2.0,1.0,2.0
CIFAR-100,EdgeGPU,Random Search,0,stage1_random,1.0160555039946364,0.028274339677506276,0.17552416143441854,4.0,4.0,4.0,4.0
CIFAR-100,Eyeriss,Full Proposed,3,full_proposed,1.1544141019547627,0.0057273401280971865,0.008627490331286373,1.0,1.0,1.0,1.0
CIFAR-100,Eyeriss,MOEA/D + GA,1,stage2_moead_ga,1.038115566722264,0.010209862382442644,0.0315521895306809,2.0,2.0,3.0,2.3333333333333335
CIFAR-100,Eyeriss,MOEA/D+GA+PSO,2,stage3_moead_ga_pso,1.031327914215876,0.023489389906666013,0.016463804705950817,3.0,3.0,2.0,2.6666666666666665
CIFAR-100,Eyeriss,Random Search,0,stage1_random,1.0095357671151979,0.06267811611357446,0.10119195606615436,4.0,4.0,4.0,4.0
CIFAR-100,RPi-4,MOEA/D + GA,1,stage2_moead_ga,1.1352010632349296,0.006415134093648355,0.035550252404569965,1.0,1.0,2.0,1.3333333333333333
CIFAR-100,RPi-4,MOEA/D+GA+PSO,2,stage3_moead_ga_pso,1.1309726102374393,0.010459302482032055,0.01628407727498465,3.0,2.0,1.0,2.0
CIFAR-100,RPi-4,Random Search,0,stage1_random,1.1319739657825612,0.01128332196975709,0.13689500682113215,2.0,3.0,3.0,2.6666666666666665
CIFAR-100,RasPi4,Full Proposed,3,full_proposed,1.122837207328339,0.008215766414235747,0.02835463759739077,1.0,1.0,1.0,1.0
ImageNet-16,EdgeGPU,MOEA/D + GA,1,stage2_moead_ga,0.9859004934104598,0.018502859406627506,0.03355090139955697,1.0,1.0,2.0,1.3333333333333333
ImageNet-16,EdgeGPU,MOEA/D+GA+PSO,2,stage3_moead_ga_pso,0.982293987667307,0.019627843247694635,0.014856701293313157,2.0,2.0,1.0,1.6666666666666667
ImageNet-16,EdgeGPU,Random Search,0,stage1_random,0.9773814904583102,0.03889988504048832,0.12126606922024556,3.0,3.0,3.0,3.0
ImageNet-16,Eyeriss,MOEA/D + GA,1,stage2_moead_ga,0.9679198497876543,0.012444930599719631,0.03198087590041939,1.0,1.0,2.0,1.3333333333333333
ImageNet-16,Eyeriss,MOEA/D+GA+PSO,2,stage3_moead_ga_pso,0.9592441046834254,0.020104040061731998,0.016766856945725783,2.0,2.0,1.0,1.6666666666666667
ImageNet-16,Eyeriss,Random Search,0,stage1_random,0.9439254841565731,0.0926876773466777,0.09139755433041498,3.0,3.0,3.0,3.0
ImageNet-16,RPi-4,MOEA/D + GA,1,stage2_moead_ga,1.0012624878491703,0.012324270077878594,0.037396893423061614,1.0,1.0,2.0,1.3333333333333333
ImageNet-16,RPi-4,MOEA/D+GA+PSO,2,stage3_moead_ga_pso,0.9963845610934201,0.01848266262399106,0.015821965031114913,2.0,2.0,1.0,1.6666666666666667
ImageNet-16,RPi-4,Random Search,0,stage1_random,0.9944721783674526,0.03578427763465074,0.10246227706510011,3.0,3.0,3.0,3.0
ImageNet16-120,EdgeGPU,Full Proposed,3,full_proposed,1.005464744989029,0.018299176814644057,0.017751352542063756,1.0,1.0,1.0,1.0
ImageNet16-120,Eyeriss,Full Proposed,3,full_proposed,1.0678207951349123,0.008497804961134399,0.008415061531430406,1.0,1.0,1.0,1.0
ImageNet16-120,RasPi4,Full Proposed,3,full_proposed,1.064538993693052,0.014471191877588217,0.020486488240316143,1.0,1.0,1.0,1.0
