Dataset,Hardware,ds_key,hw_key,algo_id,Seed,HV,IGD,Spacing,MaxSpread
CIFAR-10,EdgeGPU,cifar10,edgegpu_latency,full_proposed,0,1.0569798632287624,0.042882354397801435,0.029352957660778098,1.2169315591854823
CIFAR-10,EdgeGPU,cifar10,edgegpu_latency,full_proposed,1,1.0577504405988103,0.006877621188467095,0.03776244608331289,1.3400039219573945
CIFAR-10,EdgeGPU,cifar10,edgegpu_latency,full_proposed,2,1.0613191519866854,0.0016851272602770634,0.03560497859611928,1.3547957204129877
CIFAR-10,EdgeGPU,cifar10,edgegpu_latency,full_proposed,3,1.0611300839990099,0.004316642382227399,0.029517809869883227,1.3556202116937548
CIFAR-10,EdgeGPU,cifar10,edgegpu_latency,full_proposed,4,1.0583444143014993,0.007279336104525987,0.007358077674004274,1.2234200101245303
CIFAR-10,EdgeGPU,cifar10,edgegpu_latency,full_proposed,5,1.0611245700741312,0.0015759574691296993,0.041446753276114724,1.3556258546316318
CIFAR-10,EdgeGPU,cifar10,edgegpu_latency,full_proposed,6,1.0610814755071847,0.0022090915096007464,0.0406465709311221,1.3524130001055559
CIFAR-10,EdgeGPU,cifar10,edgegpu_latency,full_proposed,7,1.0529697115973895,0.015842821245249484,0.030193994030051585,1.3639441473027292
CIFAR-10,EdgeGPU,cifar10,edgegpu_latency,full_proposed,8,1.053441317579897,0.03739271747683649,0.006144794940027661,1.1720193318764793
CIFAR-10,EdgeGPU,cifar10,edgegpu_latency,full_proposed,9,1.0582058388459032,0.012779215496926526,0.0300286280133194,1.344299211779319
CIFAR-10,EdgeGPU,cifar10,edgegpu_latency,full_proposed,10,1.0612153112216105,0.003663361667886038,0.045144769975959266,1.379824574908561
CIFAR-10,EdgeGPU,cifar10,edgegpu_latency,full_proposed,11,1.04177754322085,0.030262782365627662,0.002920221208322474,0.7886734472902898
CIFAR-10,EdgeGPU,cifar10,edgegpu_latency,full_proposed,12,1.060266379255502,0.0026281656763861563,0.04766800346343984,1.3237767999522914
CIFAR-10,EdgeGPU,cifar10,edgegpu_latency,full_proposed,13,1.0583449132614733,0.004891151358801707,0.034345078063120996,1.3473319480026296
CIFAR-10,EdgeGPU,cifar10,edgegpu_latency,full_proposed,14,1.0563253544276658,0.00996918059396112,0.0013057657382301653,1.2813467333372113
CIFAR-10,EdgeGPU,cifar10,edgegpu_latency,full_proposed,15,1.0606647086266823,0.003945752962174886,0.03049233970657078,1.3408112194013233
CIFAR-10,EdgeGPU,cifar10,edgegpu_latency,full_proposed,16,1.0593079940185877,0.012359504259826931,0.03659288177499473,1.3556149360273988
CIFAR-10,EdgeGPU,cifar10,edgegpu_latency,full_proposed,17,1.0600126674715322,0.005813553923264739,0.03132899594916146,1.2876048168295424
CIFAR-10,EdgeGPU,cifar10,edgegpu_latency,full_proposed,18,1.0616541060752067,0.005472213255415637,0.029251394512005757,1.2350510984673404
CIFAR-10,EdgeGPU,cifar10,edgegpu_latency,full_proposed,19,1.0605062718895948,0.007458559131904264,0.0431115195031992,1.2146256189126978
CIFAR-10,EdgeGPU,cifar10,edgegpu_latency,full_proposed,20,1.0570567426185162,0.0035067672908225167,0.02996339006405106,1.332875561560342
CIFAR-10,EdgeGPU,cifar10,edgegpu_latency,full_proposed,21,1.0614170990742493,0.009095797679640978,0.03262135638144216,1.3405850227505407
CIFAR-10,EdgeGPU,cifar10,edgegpu_latency,full_proposed,22,1.0603625919401884,0.0025933168736679995,0.0039880550644136505,1.3248785690062157
CIFAR-10,EdgeGPU,cifar10,edgegpu_latency,full_proposed,23,1.0612934120803768,0.0024894026511491077,0.039924850687961165,1.3797736993477216
CIFAR-10,EdgeGPU,cifar10,edgegpu_latency,full_proposed,24,1.0589842639108027,0.010829733541382301,0.0013339804634570898,1.1681104268460822
CIFAR-10,EdgeGPU,cifar10,edgegpu_latency,full_proposed,25,1.0595643889131279,0.0054514679364201304,0.029694583863646297,1.186493241885852
CIFAR-10,EdgeGPU,cifar10,edgegpu_latency,full_proposed,26,1.055580147383018,0.010512030843958764,0.005270938838869514,1.2812464985825565
CIFAR-10,EdgeGPU,cifar10,edgegpu_latency,full_proposed,27,1.0592200288230846,0.012025134726820198,0.03370466927324194,1.3405789852999594
CIFAR-10,EdgeGPU,cifar10,edgegpu_latency,full_proposed,28,1.0566930541812944,0.010063871724088954,0.004742153013684735,1.2233285955910302
CIFAR-10,EdgeGPU,cifar10,edgegpu_latency,full_proposed,29,1.0616672066659,0.0026230351865588085,0.03926851608576421,1.3797146670990839
CIFAR-10,RasPi4,cifar10,raspi4_latency,full_proposed,0,1.1600960324397342,0.006815341652841869,0.055443515525729806,1.0427067651163286
CIFAR-10,RasPi4,cifar10,raspi4_latency,full_proposed,1,1.1623621449779329,0.00592009646202668,0.03352045533619259,1.1342878110623849
CIFAR-10,RasPi4,cifar10,raspi4_latency,full_proposed,2,1.1626562015517132,0.0025360515278535886,0.02112922630126717,1.3176209916864865
CIFAR-10,RasPi4,cifar10,raspi4_latency,full_proposed,3,1.1627871050105483,0.003188170384782464,0.032498482413647084,1.187684324633258
CIFAR-10,RasPi4,cifar10,raspi4_latency,full_proposed,4,1.1618847660529403,0.004644185837948414,0.029191055747674985,1.125176169581252
CIFAR-10,RasPi4,cifar10,raspi4_latency,full_proposed,5,1.1625650262868215,0.003631146381052786,0.03463166747155957,1.1124790850858082
CIFAR-10,RasPi4,cifar10,raspi4_latency,full_proposed,6,1.162979646310335,0.003120582728679857,0.02802580425215197,1.2648269134497514
CIFAR-10,RasPi4,cifar10,raspi4_latency,full_proposed,7,1.1604588229862338,0.003838877159628305,0.004800506441554925,1.1946310746503668
CIFAR-10,RasPi4,cifar10,raspi4_latency,full_proposed,8,1.1607453630741187,0.003756027270536369,0.09301845644497021,1.1224089785542133
CIFAR-10,RasPi4,cifar10,raspi4_latency,full_proposed,9,1.1616636653969161,0.0045313840132950745,0.03515576444771599,1.1037399594079784
CIFAR-10,RasPi4,cifar10,raspi4_latency,full_proposed,10,1.162108847144373,0.004639374257011933,0.0021368709267075773,1.0837763435070302
CIFAR-10,RasPi4,cifar10,raspi4_latency,full_proposed,11,1.1620228306226281,0.0035291399566687175,0.04581523453641624,1.0986341224931648
CIFAR-10,RasPi4,cifar10,raspi4_latency,full_proposed,12,1.1601405934785505,0.004876649117204273,0.052148254489450145,1.0994536548917007
CIFAR-10,RasPi4,cifar10,raspi4_latency,full_proposed,13,1.1604028812793201,0.004720825801955436,0.028412455945852857,1.1205619183369324
CIFAR-10,RasPi4,cifar10,raspi4_latency,full_proposed,14,1.1616698921217994,0.00427580200401774,0.02939724463215976,1.1050085216639487
CIFAR-10,RasPi4,cifar10,raspi4_latency,full_proposed,15,1.161209374128006,0.004000420524177351,0.03333347391553816,1.1667132902344124
CIFAR-10,RasPi4,cifar10,raspi4_latency,full_proposed,16,1.1636890987627513,0.003370538124756069,0.059926216009813314,1.1411570611960644
CIFAR-10,RasPi4,cifar10,raspi4_latency,full_proposed,17,1.1602301557993564,0.003754060143417672,0.05571215723363934,1.1224097224456095
CIFAR-10,RasPi4,cifar10,raspi4_latency,full_proposed,18,1.1609645809060711,0.002906351550508823,0.03776745273096923,1.3192615918667967
CIFAR-10,RasPi4,cifar10,raspi4_latency,full_proposed,19,1.1617060317191068,0.004570071595653099,0.0010539859372358565,1.0845403352895382
CIFAR-10,RasPi4,cifar10,raspi4_latency,full_proposed,20,1.1619137732501903,0.0037397045752855253,0.03543629095735046,1.126321123560398
CIFAR-10,RasPi4,cifar10,raspi4_latency,full_proposed,21,1.1612459310468621,0.0043923291575908244,0.0028628722821775615,1.2200836447107117
CIFAR-10,RasPi4,cifar10,raspi4_latency,full_proposed,22,1.1639749946185698,0.004094870511227863,0.030019047182466223,1.1024661045169093
CIFAR-10,RasPi4,cifar10,raspi4_latency,full_proposed,23,1.163741409598581,0.0036286068911677337,0.031112718709016517,1.135261642655994
CIFAR-10,RasPi4,cifar10,raspi4_latency,full_proposed,24,1.16057144154672,0.0042574408531316525,0.007208522441942821,1.2265407116854057
CIFAR-10,RasPi4,cifar10,raspi4_latency,full_proposed,25,1.1605060856474796,0.0046019345110201336,0.007133477418736717,1.1146588452462896
CIFAR-10,RasPi4,cifar10,raspi4_latency,full_proposed,26,1.1628711136482837,0.004255951208125783,0.0036547694168599936,1.116367988624783
CIFAR-10,RasPi4,cifar10,raspi4_latency,full_proposed,27,1.1623478494277757,0.0038966060738213886,0.05978996865003568,1.1252293493878698
CIFAR-10,RasPi4,cifar10,raspi4_latency,full_proposed,28,1.1613558187428712,0.005324375292265583,0.03208310941642629,1.0668971973313808
CIFAR-10,RasPi4,cifar10,raspi4_latency,full_proposed,29,1.1628898616460737,0.003119147501462335,0.02903425483136277,1.1877086497470923
CIFAR-10,Eyeriss,cifar10,eyeriss_latency,full_proposed,0,1.193148934202684,0.002838586818780401,0.0033611058056950797,0.6392533079265348
CIFAR-10,Eyeriss,cifar10,eyeriss_latency,full_proposed,1,1.1935670317575344,0.003989906052412158,0.0055483629715135955,0.8380273800299383
CIFAR-10,Eyeriss,cifar10,eyeriss_latency,full_proposed,2,1.1948701203540557,0.006422808314730937,0.005891247056105831,0.8380650435256857
CIFAR-10,Eyeriss,cifar10,eyeriss_latency,full_proposed,3,1.1945072720074958,0.0050346709653412,0.0031954768618484477,0.47537045222433216
CIFAR-10,Eyeriss,cifar10,eyeriss_latency,full_proposed,4,1.1931765738775355,0.012057642059477115,0.004138315715708797,0.4421081567820748
CIFAR-10,Eyeriss,cifar10,eyeriss_latency,full_proposed,5,1.1943677021989911,0.005260019317741006,0.008544192295960318,0.6395437139767429
CIFAR-10,Eyeriss,cifar10,eyeriss_latency,full_proposed,6,1.1948865594801887,0.008305503849424665,0.00825632124484359,0.6400391462883924
CIFAR-10,Eyeriss,cifar10,eyeriss_latency,full_proposed,7,1.1951749826521105,0.0070222144446490465,0.009475592342673778,0.8384978501219391
CIFAR-10,Eyeriss,cifar10,eyeriss_latency,full_proposed,8,1.1946429535738465,0.007143477097476588,0.014766544864874009,0.8381725427777015
CIFAR-10,Eyeriss,cifar10,eyeriss_latency,full_proposed,9,1.1940509671987292,0.007721846107073466,0.005556477997768889,0.6398072970545965
CIFAR-10,Eyeriss,cifar10,eyeriss_latency,full_proposed,10,1.1655888507640215,0.004965256768458401,0.06595684213133186,1.1173272527080083
CIFAR-10,Eyeriss,cifar10,eyeriss_latency,full_proposed,11,1.1932641618068165,0.009818376911228683,0.01043392202746511,0.6391518237315961
CIFAR-10,Eyeriss,cifar10,eyeriss_latency,full_proposed,12,1.1927551758380657,0.007458564730125615,0.008094781683973411,0.47456542815528674
CIFAR-10,Eyeriss,cifar10,eyeriss_latency,full_proposed,13,1.1911610598516211,0.008835833241325058,0.005971402620374815,0.6058475874895308
CIFAR-10,Eyeriss,cifar10,eyeriss_latency,full_proposed,14,1.1951940712083626,0.008790652530697917,0.0042157346739437685,0.6729755304131918
CIFAR-10,Eyeriss,cifar10,eyeriss_latency,full_proposed,15,1.1945079532034084,0.0040754012983499,0.007175481235108818,0.64015946682953
CIFAR-10,Eyeriss,cifar10,eyeriss_latency,full_proposed,16,1.1952361998599872,0.0025464428862928125,0.003736873433558284,0.67280932174282
CIFAR-10,Eyeriss,cifar10,eyeriss_latency,full_proposed,17,1.1949135631712455,0.007846701130094913,0.0024070265233328766,0.6729917348126513
CIFAR-10,Eyeriss,cifar10,eyeriss_latency,full_proposed,18,1.1913224068303334,0.010140214473201842,0.0029072935180818847,0.47472773194661017
CIFAR-10,Eyeriss,cifar10,eyeriss_latency,full_proposed,19,1.196124449188301,0.0021680844439519687,0.013067308033428758,0.8386344524716547
CIFAR-10,Eyeriss,cifar10,eyeriss_latency,full_proposed,20,1.194330827195487,0.0038508298160064907,0.0033584270156148295,0.6396125506886351
CIFAR-10,Eyeriss,cifar10,eyeriss_latency,full_proposed,21,1.1937421744605428,0.010360787072400533,0.0021789826774160958,0.4425440490422417
CIFAR-10,Eyeriss,cifar10,eyeriss_latency,full_proposed,22,1.1891712474077636,0.014653120197523174,0.007518509066268773,0.8045384230253292
CIFAR-10,Eyeriss,cifar10,eyeriss_latency,full_proposed,23,1.1949932208950158,0.008038165262074171,0.007095551660176133,0.6399708830888975
CIFAR-10,Eyeriss,cifar10,eyeriss_latency,full_proposed,24,1.161351495101448,0.003292114692732938,0.011494571090690044,0.6022860244335984
CIFAR-10,Eyeriss,cifar10,eyeriss_latency,full_proposed,25,1.19618829774145,0.005179681829244548,0.0035270699392146495,0.5080523664533215
CIFAR-10,Eyeriss,cifar10,eyeriss_latency,full_proposed,26,1.1940931259917658,0.00444010993242714,0.005688268767360417,0.6065170758489992
CIFAR-10,Eyeriss,cifar10,eyeriss_latency,full_proposed,27,1.196162620272523,0.0045749652542753545,0.0055419093585054955,0.6730133601642622
CIFAR-10,Eyeriss,cifar10,eyeriss_latency,full_proposed,28,1.1919255394996275,0.00894507544705209,0.007442877908249267,0.6394207477416955
CIFAR-10,Eyeriss,cifar10,eyeriss_latency,full_proposed,29,1.1960908475421457,0.004917781174372168,0.003319809247205821,0.5080418666129553
CIFAR-100,EdgeGPU,cifar100,edgegpu_latency,full_proposed,0,1.0251719733542797,0.0035339563700796813,0.033789900276366115,1.3788666399891816
CIFAR-100,EdgeGPU,cifar100,edgegpu_latency,full_proposed,1,1.024035787558181,0.004761953136285221,0.026120160159731853,1.4007794896705277
CIFAR-100,EdgeGPU,cifar100,edgegpu_latency,full_proposed,2,1.0123297446866577,0.007946267650189838,0.026937895471046143,1.3779381066608878
CIFAR-100,EdgeGPU,cifar100,edgegpu_latency,full_proposed,3,1.0234039209230603,0.009995440619749416,0.02722036267832692,1.3748745035446464
CIFAR-100,EdgeGPU,cifar100,edgegpu_latency,full_proposed,4,1.025895276627396,0.010848900594476166,0.028196941370346815,1.385055677719263
CIFAR-100,EdgeGPU,cifar100,edgegpu_latency,full_proposed,5,1.0220935176216546,0.005118580100024116,0.025369302197523567,1.380348140165403
CIFAR-100,EdgeGPU,cifar100,edgegpu_latency,full_proposed,6,1.0166254255635747,0.005670137078822216,0.030680369087935134,1.402287760402789
CIFAR-100,EdgeGPU,cifar100,edgegpu_latency,full_proposed,7,1.029358478456159,0.0019166482763379507,0.030172400666134882,1.3788019286559574
CIFAR-100,EdgeGPU,cifar100,edgegpu_latency,full_proposed,8,1.0296786895985566,0.0030207541102604324,0.028934293846695845,1.3788019286559574
CIFAR-100,EdgeGPU,cifar100,edgegpu_latency,full_proposed,9,1.0262185764245275,0.004275054849508087,0.004257767723477203,1.374761696876487
CIFAR-100,EdgeGPU,cifar100,edgegpu_latency,full_proposed,10,1.0270366491648257,0.00028636911940063057,0.027567228588184216,1.3789398176332643
CIFAR-100,EdgeGPU,cifar100,edgegpu_latency,full_proposed,11,1.0172032011781023,0.005655003689544223,0.005891874555591348,1.3710527654317215
CIFAR-100,EdgeGPU,cifar100,edgegpu_latency,full_proposed,12,1.025606729511009,0.029350430060441718,0.02531135952844982,1.3787402071401855
CIFAR-100,EdgeGPU,cifar100,edgegpu_latency,full_proposed,13,1.0239875682076047,0.0033125744397521674,0.025444099279817934,1.3658871641347692
CIFAR-100,EdgeGPU,cifar100,edgegpu_latency,full_proposed,14,1.0002040500174054,0.003516333614942028,0.000331304274571875,0.8394471723181923
CIFAR-100,EdgeGPU,cifar100,edgegpu_latency,full_proposed,15,1.0284446979161113,0.004190211239371997,0.0313784721387583,1.3797470484773795
CIFAR-100,EdgeGPU,cifar100,edgegpu_latency,full_proposed,16,1.0262305293067946,0.008226168109138945,0.023377199509069777,1.37844508133231
CIFAR-100,EdgeGPU,cifar100,edgegpu_latency,full_proposed,17,1.0226104881850933,0.0048792201899132475,0.026907094259697235,1.3613291462275359
CIFAR-100,EdgeGPU,cifar100,edgegpu_latency,full_proposed,18,1.026774494814021,0.0042011129389832235,0.025675710737709367,1.3822517351050863
CIFAR-100,EdgeGPU,cifar100,edgegpu_latency,full_proposed,19,1.0285423551577462,0.0029207990845563775,0.025244553402993735,1.4029246298458549
CIFAR-100,EdgeGPU,cifar100,edgegpu_latency,full_proposed,20,1.0285849792093231,0.005687866907581546,0.026590428261850763,1.3797470484773795
CIFAR-100,EdgeGPU,cifar100,edgegpu_latency,full_proposed,21,1.0138570681110881,0.005976350824030287,0.029007068203343974,1.3786277225887478
CIFAR-100,EdgeGPU,cifar100,edgegpu_latency,full_proposed,22,1.0203078141093898,0.003589210236372836,0.025278117275676668,1.37844508133231
CIFAR-100,EdgeGPU,cifar100,edgegpu_latency,full_proposed,23,1.0238689695171315,0.002184614922825719,0.027382430694312954,1.373120583390405
CIFAR-100,EdgeGPU,cifar100,edgegpu_latency,full_proposed,24,1.0276740897143744,0.0020056978318152697,0.025010439443688616,1.378332125944553
CIFAR-100,EdgeGPU,cifar100,edgegpu_latency,full_proposed,25,1.023914014488073,0.006967186592299728,0.0032037240224280067,1.3782206734429125
CIFAR-100,EdgeGPU,cifar100,edgegpu_latency,full_proposed,26,1.0291827362427948,0.004371186388664161,0.030090657993167114,1.379423794526134
CIFAR-100,EdgeGPU,cifar100,edgegpu_latency,full_proposed,27,1.0226873173167434,0.002144702656878903,0.025907528674739055,1.3631407915153244
CIFAR-100,EdgeGPU,cifar100,edgegpu_latency,full_proposed,28,1.0290530948019252,0.004236798197602411,0.0044086823624176165,1.3795009893111543
CIFAR-100,EdgeGPU,cifar100,edgegpu_latency,full_proposed,29,1.0286401598621444,0.0030051464891344523,0.027317298122285092,1.3851336202747098
CIFAR-100,RasPi4,cifar100,raspi4_latency,full_proposed,0,1.12871815375378,0.0026472712705841272,0.026034657453106583,1.2822522858244672
CIFAR-100,RasPi4,cifar100,raspi4_latency,full_proposed,1,1.1168733562906303,0.020844047750456608,0.025476506156948714,1.1495963576524053
CIFAR-100,RasPi4,cifar100,raspi4_latency,full_proposed,2,1.120297056261242,0.024531082949608603,0.04727842667732002,1.382871586640373
CIFAR-100,RasPi4,cifar100,raspi4_latency,full_proposed,3,1.1315948568826597,0.0027267510979035424,0.024972990323759683,1.2827144640850012
CIFAR-100,RasPi4,cifar100,raspi4_latency,full_proposed,4,1.1260881983628601,0.0030619703032817125,0.028610009739631435,1.2624494367960755
CIFAR-100,RasPi4,cifar100,raspi4_latency,full_proposed,5,1.1192542585291871,0.0033212608088266536,0.029674925884210016,1.2348921965086008
CIFAR-100,RasPi4,cifar100,raspi4_latency,full_proposed,6,1.1302718930186364,0.0036531962516535856,0.02740319876208744,1.1640769472376613
CIFAR-100,RasPi4,cifar100,raspi4_latency,full_proposed,7,1.120996070855021,0.018011962432805183,0.027267421143768445,1.1278532022044998
CIFAR-100,RasPi4,cifar100,raspi4_latency,full_proposed,8,1.1185143530871862,0.004041512891653079,0.02849647166041387,1.2119012242150813
CIFAR-100,RasPi4,cifar100,raspi4_latency,full_proposed,9,1.1186783780082226,0.004893949445192961,0.02599752687141634,1.106588600431603
CIFAR-100,RasPi4,cifar100,raspi4_latency,full_proposed,10,1.1122389334717058,0.020904523372124884,0.02799231165512106,1.1084897606532564
CIFAR-100,RasPi4,cifar100,raspi4_latency,full_proposed,11,1.1234479726587059,0.007011760084312095,0.02463759761323457,1.1469171590653944
CIFAR-100,RasPi4,cifar100,raspi4_latency,full_proposed,12,1.1100342493103408,0.015642453160812714,0.032508647302654466,1.2255369079520713
CIFAR-100,RasPi4,cifar100,raspi4_latency,full_proposed,13,1.1259426106005526,0.003222464321084413,0.025833894301832493,1.1561015738344556
CIFAR-100,RasPi4,cifar100,raspi4_latency,full_proposed,14,1.1246751386776737,0.005231416698409234,0.030652304774841686,1.0992904646480652
CIFAR-100,RasPi4,cifar100,raspi4_latency,full_proposed,15,1.1130581967326767,0.01720850977872378,0.025701151444983184,1.203068080494982
CIFAR-100,RasPi4,cifar100,raspi4_latency,full_proposed,16,1.1283994492083962,0.002641261930082082,0.025704494951433395,1.2389047307891032
CIFAR-100,RasPi4,cifar100,raspi4_latency,full_proposed,17,1.129753130970014,0.005803061829517995,0.033157844636845325,1.2827077332298207
CIFAR-100,RasPi4,cifar100,raspi4_latency,full_proposed,18,1.1100644691718946,0.012056867180573149,0.025256298942854843,1.1022077051914991
CIFAR-100,RasPi4,cifar100,raspi4_latency,full_proposed,19,1.1308249177704472,0.0026351438922210778,0.025095101326000437,1.3774861161687384
CIFAR-100,RasPi4,cifar100,raspi4_latency,full_proposed,20,1.1179958028303858,0.005936873897527091,0.025521278329201154,1.0738045151938795
CIFAR-100,RasPi4,cifar100,raspi4_latency,full_proposed,21,1.132557927718347,0.0032265629085144352,0.034536618425489586,1.1908909678401094
CIFAR-100,RasPi4,cifar100,raspi4_latency,full_proposed,22,1.1336459611252294,0.0022417961817943117,0.029000192728134856,1.2637869874471443
CIFAR-100,RasPi4,cifar100,raspi4_latency,full_proposed,23,1.114038949995709,0.016957407354158984,0.028843966869668308,1.217459464132377
CIFAR-100,RasPi4,cifar100,raspi4_latency,full_proposed,24,1.1332874836344067,0.0025246980775894493,0.03174214274128736,1.2637854080815225
CIFAR-100,RasPi4,cifar100,raspi4_latency,full_proposed,25,1.1218051242395704,0.0035435066853473844,0.02613633566564631,1.1377563460942974
CIFAR-100,RasPi4,cifar100,raspi4_latency,full_proposed,26,1.1271786812589384,0.004123182010296192,0.038434900685847054,1.1273831916233095
CIFAR-100,RasPi4,cifar100,raspi4_latency,full_proposed,27,1.1212772644433273,0.003863300749998179,0.010412345758450592,1.1276171303568285
CIFAR-100,RasPi4,cifar100,raspi4_latency,full_proposed,28,1.1171285437477385,0.020590072429324417,0.030567194135231412,1.141493305267024
CIFAR-100,RasPi4,cifar100,raspi4_latency,full_proposed,29,1.1264748372346858,0.003375124682696121,0.02769237096030404,1.1561101855275886
CIFAR-100,Eyeriss,cifar100,eyeriss_latency,full_proposed,0,1.1733998136455406,0.01908706080890353,0.005081381826329357,0.6981585018338473
CIFAR-100,Eyeriss,cifar100,eyeriss_latency,full_proposed,1,1.143317348570518,0.0037298303306815064,0.0028073368281009395,0.6453449079330579
CIFAR-100,Eyeriss,cifar100,eyeriss_latency,full_proposed,2,1.1435717061351216,0.0028401804988381655,0.003783353817840896,0.6464453302694629
CIFAR-100,Eyeriss,cifar100,eyeriss_latency,full_proposed,3,1.1455299974005209,0.0002390696753410392,0.010997025288670413,0.9759035277970521
CIFAR-100,Eyeriss,cifar100,eyeriss_latency,full_proposed,4,1.1451362001534438,0.0010667867639642709,0.0022490034363517983,0.6472491200691478
CIFAR-100,Eyeriss,cifar100,eyeriss_latency,full_proposed,5,1.1356835336110693,0.026833238967808704,0.006872432529928736,0.5069105203339794
CIFAR-100,Eyeriss,cifar100,eyeriss_latency,full_proposed,6,1.1431871343737143,0.002206619896462657,0.005782973581082174,0.6641232211972632
CIFAR-100,Eyeriss,cifar100,eyeriss_latency,full_proposed,7,1.1436605906471218,0.003399112000134072,0.01320311462885901,0.9755287735764131
CIFAR-100,Eyeriss,cifar100,eyeriss_latency,full_proposed,8,1.113646191103665,0.003924968197606164,0.031327411905538005,1.178563602133395
CIFAR-100,Eyeriss,cifar100,eyeriss_latency,full_proposed,9,1.1728129212492484,0.003598403003645726,0.0037052965083052233,0.6977502241478842
CIFAR-100,Eyeriss,cifar100,eyeriss_latency,full_proposed,10,1.1728910651986695,0.0033611963241867568,0.006915710480910489,0.858160729864764
CIFAR-100,Eyeriss,cifar100,eyeriss_latency,full_proposed,11,1.1406189965954256,0.00789040783904781,0.0018060133246909109,0.6133149180951822
CIFAR-100,Eyeriss,cifar100,eyeriss_latency,full_proposed,12,1.1754821886576576,0.0007062083148668886,0.004178879981148571,0.700730867377238
CIFAR-100,Eyeriss,cifar100,eyeriss_latency,full_proposed,13,1.1459054015437793,0.0006270179067454634,0.0023512383807287344,0.6463258623017407
CIFAR-100,Eyeriss,cifar100,eyeriss_latency,full_proposed,14,1.1432483985426645,0.0036763310779323066,0.0030213371815111384,0.6456647565176074
CIFAR-100,Eyeriss,cifar100,eyeriss_latency,full_proposed,15,1.1640988161217092,0.004301694504520393,0.011791473526301593,0.8100482174058252
CIFAR-100,Eyeriss,cifar100,eyeriss_latency,full_proposed,16,1.165160720200226,0.01795159936629154,0.011583569744720456,0.8168966508339612
CIFAR-100,Eyeriss,cifar100,eyeriss_latency,full_proposed,17,1.1450626470273422,0.0026413133290493023,0.00632518796841758,0.6467044950805974
CIFAR-100,Eyeriss,cifar100,eyeriss_latency,full_proposed,18,1.174860068969668,0.0034470133398110583,0.004162532610442289,0.7005753083495598
CIFAR-100,Eyeriss,cifar100,eyeriss_latency,full_proposed,19,1.1694970544379761,0.0034086058442991,0.0037442477787187835,0.8597541679525325
CIFAR-100,Eyeriss,cifar100,eyeriss_latency,full_proposed,20,1.1463917282552445,0.002769655044729726,0.03051508509757759,1.1968063743174902
CIFAR-100,Eyeriss,cifar100,eyeriss_latency,full_proposed,21,1.1452848214825562,0.0035046782821723708,0.002564948795734774,0.6472301605831388
CIFAR-100,Eyeriss,cifar100,eyeriss_latency,full_proposed,22,1.1720728587859943,0.0180414079950075,0.002604713419669215,0.7134225649285482
CIFAR-100,Eyeriss,cifar100,eyeriss_latency,full_proposed,23,1.145212807983221,0.0035270360395442107,0.002652182145481577,0.6480370492834316
CIFAR-100,Eyeriss,cifar100,eyeriss_latency,full_proposed,24,1.1444880418346404,0.017160091593196022,0.015338588113084325,0.9759035277970521
CIFAR-100,Eyeriss,cifar100,eyeriss_latency,full_proposed,25,1.1725049362748834,0.004227483407137235,0.004395662112944539,0.6985143257024629
CIFAR-100,Eyeriss,cifar100,eyeriss_latency,full_proposed,26,1.1665826724862456,0.0009405870629372188,0.01599451107593153,1.1060334221165742
CIFAR-100,Eyeriss,cifar100,eyeriss_latency,full_proposed,27,1.1698035225818708,0.0013635706966225402,0.008914576897235947,0.8698605994047567
CIFAR-100,Eyeriss,cifar100,eyeriss_latency,full_proposed,28,1.1691967255119735,0.002938904044689112,0.017778143888082545,0.8719168613499682
CIFAR-100,Eyeriss,cifar100,eyeriss_latency,full_proposed,29,1.1441141492611686,0.0024101316867443396,0.016376777064253625,0.9752892947999899
ImageNet16-120,EdgeGPU,ImageNet16-120,edgegpu_latency,full_proposed,0,0.9956972269934318,0.013265715204947235,0.020607566508599833,1.307136985247431
ImageNet16-120,EdgeGPU,ImageNet16-120,edgegpu_latency,full_proposed,1,1.0140298848391496,0.013971129123301335,0.02768769763502323,1.396061175803674
ImageNet16-120,EdgeGPU,ImageNet16-120,edgegpu_latency,full_proposed,2,0.9827733892394384,0.00880066226655286,0.0009816507258019306,0.9610159888347366
ImageNet16-120,EdgeGPU,ImageNet16-120,edgegpu_latency,full_proposed,3,1.0180585666646578,0.006975798417727008,0.019145345403425735,1.179461385379751
ImageNet16-120,EdgeGPU,ImageNet16-120,edgegpu_latency,full_proposed,4,1.015643771125355,0.011253453727224642,0.01984683105286945,1.3079316032102069
ImageNet16-120,EdgeGPU,ImageNet16-120,edgegpu_latency,full_proposed,5,1.0134348052379836,0.005538951829968686,0.03062236216697107,1.3038189215592684
ImageNet16-120,EdgeGPU,ImageNet16-120,edgegpu_latency,full_proposed,6,1.0155129820902626,0.01920135099312078,0.020929481812258566,1.3079408469550613
ImageNet16-120,EdgeGPU,ImageNet16-120,edgegpu_latency,full_proposed,7,1.0037003688134816,0.021686439051858887,0.019234199134424583,1.2444064947044255
ImageNet16-120,EdgeGPU,ImageNet16-120,edgegpu_latency,full_proposed,8,1.006223001497177,0.027701338904191207,0.02136350474149947,1.3370869253623026
ImageNet16-120,EdgeGPU,ImageNet16-120,edgegpu_latency,full_proposed,9,1.0102604638139918,0.007524174930369864,0.0197744020168492,1.3078000998894097
ImageNet16-120,EdgeGPU,ImageNet16-120,edgegpu_latency,full_proposed,10,0.9983104146850751,0.013373490842878456,0.004965053112689981,1.3056263151947525
ImageNet16-120,EdgeGPU,ImageNet16-120,edgegpu_latency,full_proposed,11,0.9828761723766102,0.03357653300678845,0.030997491517551427,1.1136349694056857
ImageNet16-120,EdgeGPU,ImageNet16-120,edgegpu_latency,full_proposed,12,1.015231646157586,0.016815885231884806,0.018990227334181178,1.178334664173455
ImageNet16-120,EdgeGPU,ImageNet16-120,edgegpu_latency,full_proposed,13,1.0160892350697672,0.00860993596345358,0.018422692092056086,1.2958115857105426
ImageNet16-120,EdgeGPU,ImageNet16-120,edgegpu_latency,full_proposed,14,0.9847025197661081,0.01854164424210665,0.0061597991625837725,0.7726601843694322
ImageNet16-120,EdgeGPU,ImageNet16-120,edgegpu_latency,full_proposed,15,1.0127412247872247,0.013450830423433726,0.02104647220495415,1.4034910132787881
ImageNet16-120,EdgeGPU,ImageNet16-120,edgegpu_latency,full_proposed,16,1.0150289375031525,0.02456336586523472,0.020368640204251692,1.2599621534809327
ImageNet16-120,EdgeGPU,ImageNet16-120,edgegpu_latency,full_proposed,17,1.000557174035586,0.007735131670264987,0.021896228848421368,1.4039071059671724
ImageNet16-120,EdgeGPU,ImageNet16-120,edgegpu_latency,full_proposed,18,1.0165094163243875,0.008611256022239597,0.0208770490070208,1.1773544278008399
ImageNet16-120,EdgeGPU,ImageNet16-120,edgegpu_latency,full_proposed,19,1.008414459499138,0.017215019895082197,0.019436340556445813,1.3088447608262843
ImageNet16-120,EdgeGPU,ImageNet16-120,edgegpu_latency,full_proposed,20,1.0164292269177202,0.01673172965700347,0.02116600750774294,1.3079408469550613
ImageNet16-120,EdgeGPU,ImageNet16-120,edgegpu_latency,full_proposed,21,0.9802460181861533,0.01590017180373797,0.0006376626482751371,0.6619327524715867
ImageNet16-120,EdgeGPU,ImageNet16-120,edgegpu_latency,full_proposed,22,0.9955881176908541,0.015908196766852116,0.021010785290751254,1.3126192048083507
ImageNet16-120,EdgeGPU,ImageNet16-120,edgegpu_latency,full_proposed,23,1.0050766394037487,0.02011704183477077,0.0201632429257605,1.2445850652855972
ImageNet16-120,EdgeGPU,ImageNet16-120,edgegpu_latency,full_proposed,24,0.9925322288670699,0.04748652093436013,0.018546734157682734,1.2399868591427319
ImageNet16-120,EdgeGPU,ImageNet16-120,edgegpu_latency,full_proposed,25,1.0119507669826233,0.01185128499224689,0.004056212079260335,1.1777676001771347
ImageNet16-120,EdgeGPU,ImageNet16-120,edgegpu_latency,full_proposed,26,1.0201830282043254,0.005601440302684375,0.020287827893991327,1.3078000998894097
ImageNet16-120,EdgeGPU,ImageNet16-120,edgegpu_latency,full_proposed,27,1.009040408272973,0.01885649449754996,0.003164785375557898,1.3208048990567638
ImageNet16-120,EdgeGPU,ImageNet16-120,edgegpu_latency,full_proposed,28,0.9985591230436561,0.06167657465697634,0.02079203601307025,1.1702147755607009
ImageNet16-120,EdgeGPU,ImageNet16-120,edgegpu_latency,full_proposed,29,1.0085411315821788,0.03643374138051165,0.019362247131942477,1.3028047747490052
ImageNet16-120,RasPi4,ImageNet16-120,raspi4_latency,full_proposed,0,1.0601515009773,0.015317916115146163,0.002891410103167889,0.692044130226034
ImageNet16-120,RasPi4,ImageNet16-120,raspi4_latency,full_proposed,1,1.0512631557187562,0.02051723578465911,0.019434359073725056,1.1829635848167288
ImageNet16-120,RasPi4,ImageNet16-120,raspi4_latency,full_proposed,2,1.0711211175021385,0.004674519450208191,0.028572791339067177,1.1823109786935506
ImageNet16-120,RasPi4,ImageNet16-120,raspi4_latency,full_proposed,3,1.073125667700923,0.003033711388586858,0.018452667505664384,1.1746220283506443
ImageNet16-120,RasPi4,ImageNet16-120,raspi4_latency,full_proposed,4,1.0573725840145505,0.026698760764226104,0.01951881567990203,1.1925800393157082
ImageNet16-120,RasPi4,ImageNet16-120,raspi4_latency,full_proposed,5,1.0743870993229463,0.002323372324410834,0.026659837487273075,1.191162337062765
ImageNet16-120,RasPi4,ImageNet16-120,raspi4_latency,full_proposed,6,1.074105012750028,0.004582570869779559,0.024000532285272835,1.1925543886483374
ImageNet16-120,RasPi4,ImageNet16-120,raspi4_latency,full_proposed,7,1.0621059184729011,0.037950586693831216,0.026419749738022046,1.2014818553847544
ImageNet16-120,RasPi4,ImageNet16-120,raspi4_latency,full_proposed,8,1.0439453201077455,0.03346819715881394,0.006960790582258611,0.8144266949460066
ImageNet16-120,RasPi4,ImageNet16-120,raspi4_latency,full_proposed,9,1.0681005484438926,0.004455002962742414,0.018146960223472047,1.1609726584051852
ImageNet16-120,RasPi4,ImageNet16-120,raspi4_latency,full_proposed,10,1.0719833268494323,0.009004313709118677,0.022059182280501424,1.1957526665666594
ImageNet16-120,RasPi4,ImageNet16-120,raspi4_latency,full_proposed,11,1.0534032390465926,0.026039071040519585,0.030933202725150946,1.304841316733665
ImageNet16-120,RasPi4,ImageNet16-120,raspi4_latency,full_proposed,12,1.060574689398332,0.018007692783227825,0.01880419537001747,1.161561883666083
ImageNet16-120,RasPi4,ImageNet16-120,raspi4_latency,full_proposed,13,1.0675832539629235,0.004623160340569724,0.02147149334856153,1.1605769862916975
ImageNet16-120,RasPi4,ImageNet16-120,raspi4_latency,full_proposed,14,1.0531111420626478,0.02146351861580244,0.021903101409813896,1.1545836315467048
ImageNet16-120,RasPi4,ImageNet16-120,raspi4_latency,full_proposed,15,1.0723019360366277,0.0018160765030906456,0.02426698873287177,1.1746250239968206
ImageNet16-120,RasPi4,ImageNet16-120,raspi4_latency,full_proposed,16,1.0693533229961028,0.007216735612143277,0.020379293773979616,1.169923019450562
ImageNet16-120,RasPi4,ImageNet16-120,raspi4_latency,full_proposed,17,1.0674730319890242,0.00420696077002657,0.0017072434578445871,0.7065895933531067
ImageNet16-120,RasPi4,ImageNet16-120,raspi4_latency,full_proposed,18,1.0518256113701316,0.033702571906196285,0.019298322495847956,1.256395658504758
ImageNet16-120,RasPi4,ImageNet16-120,raspi4_latency,full_proposed,19,1.0592363182753992,0.017203165192035647,0.020553188816483863,1.1860332947571885
ImageNet16-120,RasPi4,ImageNet16-120,raspi4_latency,full_proposed,20,1.0647061955187649,0.012373856483350671,0.04799817571443925,1.3048690203421671
ImageNet16-120,RasPi4,ImageNet16-120,raspi4_latency,full_proposed,21,1.0549509855338721,0.02973989576750379,0.019794238649530588,1.2475856528078835
ImageNet16-120,RasPi4,ImageNet16-120,raspi4_latency,full_proposed,22,1.0711665233557321,0.00505747911672313,0.019877252170339144,1.174649681291066
ImageNet16-120,RasPi4,ImageNet16-120,raspi4_latency,full_proposed,23,1.0595708447498255,0.023925106826484396,0.03072552360200759,1.2009594332599196
ImageNet16-120,RasPi4,ImageNet16-120,raspi4_latency,full_proposed,24,1.0640108347593664,0.023901605723389615,0.01918671671192155,1.1952893106810019
ImageNet16-120,RasPi4,ImageNet16-120,raspi4_latency,full_proposed,25,1.069349972621508,0.006216046185495195,0.003490139836330483,1.1455365016711991
ImageNet16-120,RasPi4,ImageNet16-120,raspi4_latency,full_proposed,26,1.0746800019618723,0.005693687523601628,0.020376239999960466,1.1925548280307539
ImageNet16-120,RasPi4,ImageNet16-120,raspi4_latency,full_proposed,27,1.0749817347040418,0.005863043063610581,0.020160256706991415,1.1925559764457223
ImageNet16-120,RasPi4,ImageNet16-120,raspi4_latency,full_proposed,28,1.071656769877643,0.004171355436800192,0.019533676236999267,1.1746115813209927
ImageNet16-120,RasPi4,ImageNet16-120,raspi4_latency,full_proposed,29,1.0685721507105403,0.020888540215553864,0.021018301152068077,1.1911637197899705
ImageNet16-120,Eyeriss,ImageNet16-120,eyeriss_latency,full_proposed,0,1.0904991805335345,0.030033809032387348,0.0071291758270458925,0.7785459420925213
ImageNet16-120,Eyeriss,ImageNet16-120,eyeriss_latency,full_proposed,1,1.0613210614335726,0.03228747197362571,0.008386902142858444,0.7513730564487898
ImageNet16-120,Eyeriss,ImageNet16-120,eyeriss_latency,full_proposed,2,1.0671876552217845,0.0011373379082813518,0.006732174497021601,0.783737045427474
ImageNet16-120,Eyeriss,ImageNet16-120,eyeriss_latency,full_proposed,3,1.066910342691884,0.001192260538342559,0.008249373994365906,0.7976534239022104
ImageNet16-120,Eyeriss,ImageNet16-120,eyeriss_latency,full_proposed,4,1.067455410854445,0.0010484479118213915,0.005072934653941722,0.7931330306988381
ImageNet16-120,Eyeriss,ImageNet16-120,eyeriss_latency,full_proposed,5,1.0581702023154915,0.0014526447334261405,0.0093145323388391,0.793584846997982
ImageNet16-120,Eyeriss,ImageNet16-120,eyeriss_latency,full_proposed,6,1.0669342480671005,0.0013215982428960455,0.0037904626248619587,0.7562750149067939
ImageNet16-120,Eyeriss,ImageNet16-120,eyeriss_latency,full_proposed,7,1.0179282986736296,0.029586578589197977,0.009020314518349507,0.7634978735814786
ImageNet16-120,Eyeriss,ImageNet16-120,eyeriss_latency,full_proposed,8,1.001511349171348,0.0014799253234540342,0.005273189703208494,0.6564835313431547
ImageNet16-120,Eyeriss,ImageNet16-120,eyeriss_latency,full_proposed,9,1.0623107764695208,0.0012277649273115306,0.007946139026816476,0.8294974481268598
ImageNet16-120,Eyeriss,ImageNet16-120,eyeriss_latency,full_proposed,10,1.0676323168688018,0.001069470567863521,0.012453191382521859,0.7976534239022104
ImageNet16-120,Eyeriss,ImageNet16-120,eyeriss_latency,full_proposed,11,1.0831006392271512,0.0019143430318177676,0.009331150726166464,0.91736860074572
ImageNet16-120,Eyeriss,ImageNet16-120,eyeriss_latency,full_proposed,12,1.0985460125001865,0.0011194331174814059,0.002287201149650444,0.8802811135427829
ImageNet16-120,Eyeriss,ImageNet16-120,eyeriss_latency,full_proposed,13,1.0953425756736537,0.0007319418482729252,0.003656407796095929,0.8131030846354902
ImageNet16-120,Eyeriss,ImageNet16-120,eyeriss_latency,full_proposed,14,1.0929404739031499,0.0013938722909490652,0.023770638049616512,1.2806248474865698
ImageNet16-120,Eyeriss,ImageNet16-120,eyeriss_latency,full_proposed,15,1.1202940412423303,0.0011159282634133217,0.0062493710731315,1.0130849688405328
ImageNet16-120,Eyeriss,ImageNet16-120,eyeriss_latency,full_proposed,16,1.0681343609371226,0.029188071538616234,0.004204963441512114,0.7131546579802805
ImageNet16-120,Eyeriss,ImageNet16-120,eyeriss_latency,full_proposed,17,0.9711025464207373,0.038330115625917864,0.006593161542664353,0.7232499180314831
ImageNet16-120,Eyeriss,ImageNet16-120,eyeriss_latency,full_proposed,18,1.0670490030606206,0.001073501788419187,0.00866994761139584,0.7894149446168531
ImageNet16-120,Eyeriss,ImageNet16-120,eyeriss_latency,full_proposed,19,1.1146999667617687,0.001857850085883105,0.007176771879421391,0.9036752674243778
ImageNet16-120,Eyeriss,ImageNet16-120,eyeriss_latency,full_proposed,20,1.0865354992617462,0.0014224975073264326,0.009503236504099682,0.8595389201003688
ImageNet16-120,Eyeriss,ImageNet16-120,eyeriss_latency,full_proposed,21,1.0297666646481596,0.0007934186799167954,0.006117636268821063,0.7081910485565184
ImageNet16-120,Eyeriss,ImageNet16-120,eyeriss_latency,full_proposed,22,1.074532625287954,0.00039078186080550526,0.038198200170509594,1.2806248474865698
ImageNet16-120,Eyeriss,ImageNet16-120,eyeriss_latency,full_proposed,23,1.0680291644823572,0.0011542457513049728,0.006156958824195719,0.7760239798573147
ImageNet16-120,Eyeriss,ImageNet16-120,eyeriss_latency,full_proposed,24,1.0651890982232923,0.0014514736419988885,0.003462949084128828,0.7562750149067939
ImageNet16-120,Eyeriss,ImageNet16-120,eyeriss_latency,full_proposed,25,1.0430423037220278,0.037948041808011826,0.004246875165570779,0.8158102351446606
ImageNet16-120,Eyeriss,ImageNet16-120,eyeriss_latency,full_proposed,26,1.0853353978823257,0.0013837675775784605,0.007983458142292848,0.8622339354709307
ImageNet16-120,Eyeriss,ImageNet16-120,eyeriss_latency,full_proposed,27,1.0642854346588542,0.0005344090186909331,0.00496413279704196,0.7745170111962517
ImageNet16-120,Eyeriss,ImageNet16-120,eyeriss_latency,full_proposed,28,1.083858006954207,0.03003966183832353,0.010905360147982492,0.8151833572327352
ImageNet16-120,Eyeriss,ImageNet16-120,eyeriss_latency,full_proposed,29,1.094979196898613,0.0012534838106975001,0.005605034858785109,0.8287539838121962
