Dataset,Hardware,ds_key,hw_key,Stage,stage_idx,stage_id,Seed,HV,IGD,Spacing,Pareto Points,algo_id,MaxSpread
CIFAR-10,EdgeGPU,cifar10,edgegpu_latency,Random Search,0,stage1_random,0,1.0450145275066698,0.011732263299554145,0.20673817624662638,19.0,,
CIFAR-10,EdgeGPU,cifar10,edgegpu_latency,Random Search,0,stage1_random,1,1.0463684174915957,0.02197360967870549,0.21752415886073373,16.0,,
CIFAR-10,EdgeGPU,cifar10,edgegpu_latency,Random Search,0,stage1_random,2,1.0453759945032048,0.00994284889432265,0.0576238878944071,18.0,,
CIFAR-10,EdgeGPU,cifar10,edgegpu_latency,Random Search,0,stage1_random,3,1.0475108345547082,0.009243887961391197,0.24896638392230555,12.0,,
CIFAR-10,EdgeGPU,cifar10,edgegpu_latency,Random Search,0,stage1_random,4,1.048293142467089,0.010830152907294104,0.2254455906612324,15.0,,
CIFAR-10,EdgeGPU,cifar10,edgegpu_latency,Random Search,0,stage1_random,5,1.047066285269116,0.008749463759893536,0.21136641538416123,18.0,,
CIFAR-10,EdgeGPU,cifar10,edgegpu_latency,Random Search,0,stage1_random,6,1.0453296921306383,0.008836296374656624,0.24240261090296017,13.0,,
CIFAR-10,EdgeGPU,cifar10,edgegpu_latency,Random Search,0,stage1_random,7,1.0458943155289182,0.01802733447057054,0.2095320464966693,18.0,,
CIFAR-10,EdgeGPU,cifar10,edgegpu_latency,Random Search,0,stage1_random,8,1.0454302241993678,0.009591274727348659,0.19417551208796696,21.0,,
CIFAR-10,EdgeGPU,cifar10,edgegpu_latency,Random Search,0,stage1_random,9,1.045833364800825,0.008129621785679003,0.19369302980373307,21.0,,
CIFAR-10,EdgeGPU,cifar10,edgegpu_latency,Random Search,0,stage1_random,10,1.0462731037212487,0.016968431235046915,0.21711932568147593,19.0,,
CIFAR-10,EdgeGPU,cifar10,edgegpu_latency,Random Search,0,stage1_random,11,1.046650087425808,0.008612344496856675,0.21747883692448963,17.0,,
CIFAR-10,EdgeGPU,cifar10,edgegpu_latency,Random Search,0,stage1_random,12,1.0443411826034952,0.014551221830341365,0.04108096203816475,17.0,,
CIFAR-10,EdgeGPU,cifar10,edgegpu_latency,Random Search,0,stage1_random,13,1.0474483523147442,0.0041534831549888095,0.21259991624133062,17.0,,
CIFAR-10,EdgeGPU,cifar10,edgegpu_latency,Random Search,0,stage1_random,14,1.0454841874465173,0.00672205438830322,0.1893434693692347,22.0,,
CIFAR-10,EdgeGPU,cifar10,edgegpu_latency,Random Search,0,stage1_random,15,1.0475757207492506,0.0054015293227338635,0.2135659082322137,17.0,,
CIFAR-10,EdgeGPU,cifar10,edgegpu_latency,Random Search,0,stage1_random,16,1.0454612346397305,0.005620954835366222,0.21905737536180153,16.0,,
CIFAR-10,EdgeGPU,cifar10,edgegpu_latency,Random Search,0,stage1_random,17,1.0449697256545667,0.011092576842003586,0.23098882681161623,14.0,,
CIFAR-10,EdgeGPU,cifar10,edgegpu_latency,Random Search,0,stage1_random,18,1.0458709283307175,0.011601693585477153,0.22706412870422418,15.0,,
CIFAR-10,EdgeGPU,cifar10,edgegpu_latency,Random Search,0,stage1_random,19,1.0474709662237733,0.008203339397874286,0.203136519176445,19.0,,
CIFAR-10,EdgeGPU,cifar10,edgegpu_latency,Random Search,0,stage1_random,20,1.0453795065027538,0.011699082464148242,0.2019234681224575,20.0,,
CIFAR-10,EdgeGPU,cifar10,edgegpu_latency,Random Search,0,stage1_random,21,1.0466652015296676,0.00849255765985922,0.198170227698163,20.0,,
CIFAR-10,EdgeGPU,cifar10,edgegpu_latency,Random Search,0,stage1_random,22,1.046821895732301,0.005625590574748256,0.1900361611826415,22.0,,
CIFAR-10,EdgeGPU,cifar10,edgegpu_latency,Random Search,0,stage1_random,23,1.04556840327832,0.00815525024998587,0.2308803815431475,15.0,,
CIFAR-10,EdgeGPU,cifar10,edgegpu_latency,Random Search,0,stage1_random,24,1.04621009363412,0.024384781909952257,0.22259610336818483,16.0,,
CIFAR-10,EdgeGPU,cifar10,edgegpu_latency,Random Search,0,stage1_random,25,1.0461757181735671,0.043304122372948305,0.2019970992110628,19.0,,
CIFAR-10,EdgeGPU,cifar10,edgegpu_latency,Random Search,0,stage1_random,26,1.0466899829506002,0.008033018752513511,0.23095056318604773,14.0,,
CIFAR-10,EdgeGPU,cifar10,edgegpu_latency,Random Search,0,stage1_random,27,1.047019798046917,0.00963499265415264,0.23297334103910117,14.0,,
CIFAR-10,EdgeGPU,cifar10,edgegpu_latency,Random Search,0,stage1_random,28,1.0439377037637252,0.0076110607849483175,0.23818349723097948,13.0,,
CIFAR-10,EdgeGPU,cifar10,edgegpu_latency,Random Search,0,stage1_random,29,1.046902529141134,0.012600590241558629,0.2388138226008598,14.0,,
CIFAR-10,RPi-4,cifar10,raspi4_latency,Random Search,0,stage1_random,0,1.1576382691086682,0.004987277483172698,0.18697984250099486,22.0,,
CIFAR-10,RPi-4,cifar10,raspi4_latency,Random Search,0,stage1_random,1,1.1562768729199455,0.0035992934841338987,0.17205407815519932,27.0,,
CIFAR-10,RPi-4,cifar10,raspi4_latency,Random Search,0,stage1_random,2,1.1571630153422807,0.003990999669258494,0.16763903981457606,28.0,,
CIFAR-10,RPi-4,cifar10,raspi4_latency,Random Search,0,stage1_random,3,1.1567888945395828,0.0035458256135223703,0.15937278007562708,31.0,,
CIFAR-10,RPi-4,cifar10,raspi4_latency,Random Search,0,stage1_random,4,1.1563776454816515,0.004880668361156474,0.16159063661504666,31.0,,
CIFAR-10,RPi-4,cifar10,raspi4_latency,Random Search,0,stage1_random,5,1.156318687385581,0.007821669558979378,0.16500947427077584,29.0,,
CIFAR-10,RPi-4,cifar10,raspi4_latency,Random Search,0,stage1_random,6,1.156397376015879,0.005709796095292912,0.16263097529239828,31.0,,
CIFAR-10,RPi-4,cifar10,raspi4_latency,Random Search,0,stage1_random,7,1.1556744103608836,0.006629263034334422,0.1764888824110525,25.0,,
CIFAR-10,RPi-4,cifar10,raspi4_latency,Random Search,0,stage1_random,8,1.1567278850681806,0.005970825692611283,0.16964446653243992,27.0,,
CIFAR-10,RPi-4,cifar10,raspi4_latency,Random Search,0,stage1_random,9,1.1564522445947132,0.0033780195284711144,0.15359452283862446,35.0,,
CIFAR-10,RPi-4,cifar10,raspi4_latency,Random Search,0,stage1_random,10,1.1568304890986802,0.0039972233964009046,0.1571684666706549,33.0,,
CIFAR-10,RPi-4,cifar10,raspi4_latency,Random Search,0,stage1_random,11,1.1564848555475806,0.0037149435765601903,0.15037896827186206,35.0,,
CIFAR-10,RPi-4,cifar10,raspi4_latency,Random Search,0,stage1_random,12,1.1554324633241055,0.006930414684330434,0.16191591937822877,30.0,,
CIFAR-10,RPi-4,cifar10,raspi4_latency,Random Search,0,stage1_random,13,1.1582121145920548,0.006206684377134608,0.17485265972238076,30.0,,
CIFAR-10,RPi-4,cifar10,raspi4_latency,Random Search,0,stage1_random,14,1.1566264422695436,0.005074640866407276,0.028978422100972262,34.0,,
CIFAR-10,RPi-4,cifar10,raspi4_latency,Random Search,0,stage1_random,15,1.1575225832131302,0.00842589046041678,0.17034403525830535,27.0,,
CIFAR-10,RPi-4,cifar10,raspi4_latency,Random Search,0,stage1_random,16,1.1561412456877107,0.003947840967799099,0.1560384050701903,34.0,,
CIFAR-10,RPi-4,cifar10,raspi4_latency,Random Search,0,stage1_random,17,1.157380203061697,0.004801392419701933,0.16406849319268843,30.0,,
CIFAR-10,RPi-4,cifar10,raspi4_latency,Random Search,0,stage1_random,18,1.1572079790718495,0.0070462601782046025,0.16762752909847362,28.0,,
CIFAR-10,RPi-4,cifar10,raspi4_latency,Random Search,0,stage1_random,19,1.1565604441920772,0.003347715945465239,0.1551686960730411,33.0,,
CIFAR-10,RPi-4,cifar10,raspi4_latency,Random Search,0,stage1_random,20,1.1565298967718163,0.007731752948764821,0.15464641140168783,33.0,,
CIFAR-10,RPi-4,cifar10,raspi4_latency,Random Search,0,stage1_random,21,1.156607196447244,0.004042991988313286,0.1599748403987054,32.0,,
CIFAR-10,RPi-4,cifar10,raspi4_latency,Random Search,0,stage1_random,22,1.1562319249723267,0.00382821782429811,0.16252477576702545,31.0,,
CIFAR-10,RPi-4,cifar10,raspi4_latency,Random Search,0,stage1_random,23,1.1561634062253365,0.006399126181058186,0.16527281040337738,29.0,,
CIFAR-10,RPi-4,cifar10,raspi4_latency,Random Search,0,stage1_random,24,1.155609583434254,0.004152583596656299,0.16145826225518972,30.0,,
CIFAR-10,RPi-4,cifar10,raspi4_latency,Random Search,0,stage1_random,25,1.1560617532579107,0.007432780972937061,0.15265439766923575,34.0,,
CIFAR-10,RPi-4,cifar10,raspi4_latency,Random Search,0,stage1_random,26,1.156614848326974,0.004865247880688247,0.149368341306438,36.0,,
CIFAR-10,RPi-4,cifar10,raspi4_latency,Random Search,0,stage1_random,27,1.1563376724237195,0.003377123851954271,0.16062569470468707,31.0,,
CIFAR-10,RPi-4,cifar10,raspi4_latency,Random Search,0,stage1_random,28,1.156876262350935,0.0076244997474279414,0.17072167559305465,27.0,,
CIFAR-10,RPi-4,cifar10,raspi4_latency,Random Search,0,stage1_random,29,1.1562116065687724,0.004491530766382026,0.1675662800861438,28.0,,
CIFAR-10,Eyeriss,cifar10,eyeriss_latency,Random Search,0,stage1_random,0,1.0211386794134265,0.08201131961149752,0.10604096021878807,12.0,,
CIFAR-10,Eyeriss,cifar10,eyeriss_latency,Random Search,0,stage1_random,1,1.0073861355830145,0.027371178078522497,0.10132001852118419,15.0,,
CIFAR-10,Eyeriss,cifar10,eyeriss_latency,Random Search,0,stage1_random,2,1.0114196149589818,0.03281667671516302,0.1889960263270757,12.0,,
CIFAR-10,Eyeriss,cifar10,eyeriss_latency,Random Search,0,stage1_random,3,1.0002460504546926,0.031051656644239804,0.09397693906515059,18.0,,
CIFAR-10,Eyeriss,cifar10,eyeriss_latency,Random Search,0,stage1_random,4,1.0173463103508347,0.04185837342000456,0.10654846043765391,13.0,,
CIFAR-10,Eyeriss,cifar10,eyeriss_latency,Random Search,0,stage1_random,5,1.0043417155964875,0.08827131788588986,0.10679221733315736,10.0,,
CIFAR-10,Eyeriss,cifar10,eyeriss_latency,Random Search,0,stage1_random,6,1.0074875162246286,0.04617958476970851,0.10927882670925648,14.0,,
CIFAR-10,Eyeriss,cifar10,eyeriss_latency,Random Search,0,stage1_random,7,1.002978192286895,0.08797873980823412,0.10094845617170183,11.0,,
CIFAR-10,Eyeriss,cifar10,eyeriss_latency,Random Search,0,stage1_random,8,1.0156745971408405,0.08638886242489574,0.09712652497229678,11.0,,
CIFAR-10,Eyeriss,cifar10,eyeriss_latency,Random Search,0,stage1_random,9,1.0042539691810102,0.03576331656382106,0.10167419495144546,15.0,,
CIFAR-10,Eyeriss,cifar10,eyeriss_latency,Random Search,0,stage1_random,10,1.0150148576814366,0.023097902350920248,0.10085044543424103,15.0,,
CIFAR-10,Eyeriss,cifar10,eyeriss_latency,Random Search,0,stage1_random,11,1.0128195861599516,0.046478313309691065,0.0868387842765128,17.0,,
CIFAR-10,Eyeriss,cifar10,eyeriss_latency,Random Search,0,stage1_random,12,0.9981297648045646,0.10219388275943951,0.05696693907148344,11.0,,
CIFAR-10,Eyeriss,cifar10,eyeriss_latency,Random Search,0,stage1_random,13,1.0240512280369636,0.02965027998053863,0.1316016724451133,13.0,,
CIFAR-10,Eyeriss,cifar10,eyeriss_latency,Random Search,0,stage1_random,14,0.998912735917929,0.037496248078244095,0.11776741613999094,14.0,,
CIFAR-10,Eyeriss,cifar10,eyeriss_latency,Random Search,0,stage1_random,15,1.0208396528407828,0.08512586142260971,0.10815839248266959,12.0,,
CIFAR-10,Eyeriss,cifar10,eyeriss_latency,Random Search,0,stage1_random,16,1.004280311230917,0.03295987057187925,0.10798806210795074,12.0,,
CIFAR-10,Eyeriss,cifar10,eyeriss_latency,Random Search,0,stage1_random,17,1.0107649868239406,0.022754931335335432,0.11087487832334245,15.0,,
CIFAR-10,Eyeriss,cifar10,eyeriss_latency,Random Search,0,stage1_random,18,1.020505342421475,0.08052311312693163,0.10140620999346842,14.0,,
CIFAR-10,Eyeriss,cifar10,eyeriss_latency,Random Search,0,stage1_random,19,1.0090403277047677,0.03508072848582542,0.10227071805331539,14.0,,
CIFAR-10,Eyeriss,cifar10,eyeriss_latency,Random Search,0,stage1_random,20,1.0089874422131353,0.08677052947339002,0.09954144663258946,15.0,,
CIFAR-10,Eyeriss,cifar10,eyeriss_latency,Random Search,0,stage1_random,21,1.0185434236005033,0.03652869840610336,0.10216092240373538,14.0,,
CIFAR-10,Eyeriss,cifar10,eyeriss_latency,Random Search,0,stage1_random,22,1.00475082293732,0.05043688089828921,0.11212684281409663,12.0,,
CIFAR-10,Eyeriss,cifar10,eyeriss_latency,Random Search,0,stage1_random,23,1.0047860866448024,0.04640339897003954,0.11450367597144619,13.0,,
CIFAR-10,Eyeriss,cifar10,eyeriss_latency,Random Search,0,stage1_random,24,1.0054813516210535,0.04353616506939082,0.11421866968754343,13.0,,
CIFAR-10,Eyeriss,cifar10,eyeriss_latency,Random Search,0,stage1_random,25,1.007658820105751,0.09483830027344435,0.11409294922224712,11.0,,
CIFAR-10,Eyeriss,cifar10,eyeriss_latency,Random Search,0,stage1_random,26,1.0118561679768887,0.04794231660579992,0.09894758662869652,14.0,,
CIFAR-10,Eyeriss,cifar10,eyeriss_latency,Random Search,0,stage1_random,27,1.013404649532922,0.02192197056900835,0.11028898419010705,14.0,,
CIFAR-10,Eyeriss,cifar10,eyeriss_latency,Random Search,0,stage1_random,28,1.0177425487544423,0.027219805693037148,0.10064591951004455,14.0,,
CIFAR-10,Eyeriss,cifar10,eyeriss_latency,Random Search,0,stage1_random,29,1.0065811120654846,0.033090750787188684,0.10127454088600216,16.0,,
CIFAR-100,EdgeGPU,cifar100,edgegpu_latency,Random Search,0,stage1_random,0,1.0138256880952419,0.014896028637432087,0.17722710548444853,19.0,,
CIFAR-100,EdgeGPU,cifar100,edgegpu_latency,Random Search,0,stage1_random,1,1.0171566858864045,0.048318796810310816,0.18238497809142348,18.0,,
CIFAR-100,EdgeGPU,cifar100,edgegpu_latency,Random Search,0,stage1_random,2,1.0155436120585113,0.027300019996094667,0.20185804644925795,15.0,,
CIFAR-100,EdgeGPU,cifar100,edgegpu_latency,Random Search,0,stage1_random,3,1.0167664640324043,0.00936858889598528,0.18640831564963256,17.0,,
CIFAR-100,EdgeGPU,cifar100,edgegpu_latency,Random Search,0,stage1_random,4,1.0160048286236452,0.019347443759374562,0.16210067308277276,23.0,,
CIFAR-100,EdgeGPU,cifar100,edgegpu_latency,Random Search,0,stage1_random,5,1.0165719117195904,0.019162572313355476,0.1734571339557901,20.0,,
CIFAR-100,EdgeGPU,cifar100,edgegpu_latency,Random Search,0,stage1_random,6,1.0151212686552604,0.014392841704142408,0.16806274564153814,23.0,,
CIFAR-100,EdgeGPU,cifar100,edgegpu_latency,Random Search,0,stage1_random,7,1.011920390193055,0.010335555212836038,0.1529742229676469,26.0,,
CIFAR-100,EdgeGPU,cifar100,edgegpu_latency,Random Search,0,stage1_random,8,1.0157853299624557,0.014573428962892708,0.18504448312680782,18.0,,
CIFAR-100,EdgeGPU,cifar100,edgegpu_latency,Random Search,0,stage1_random,9,1.016960707498087,0.009855484115499425,0.1764950437053668,20.0,,
CIFAR-100,EdgeGPU,cifar100,edgegpu_latency,Random Search,0,stage1_random,10,1.0181333466830649,0.009627042443132219,0.20040791040000772,15.0,,
CIFAR-100,EdgeGPU,cifar100,edgegpu_latency,Random Search,0,stage1_random,11,1.0153146225241023,0.026778022182046245,0.17612933727269348,19.0,,
CIFAR-100,EdgeGPU,cifar100,edgegpu_latency,Random Search,0,stage1_random,12,1.0139185911631345,0.023854999184312588,0.16608935038045936,23.0,,
CIFAR-100,EdgeGPU,cifar100,edgegpu_latency,Random Search,0,stage1_random,13,1.014148112585483,0.014635016078183417,0.17302119245251552,20.0,,
CIFAR-100,EdgeGPU,cifar100,edgegpu_latency,Random Search,0,stage1_random,14,1.0171961971412418,0.013245929537760374,0.17834790604209694,19.0,,
CIFAR-100,EdgeGPU,cifar100,edgegpu_latency,Random Search,0,stage1_random,15,1.0161808492647473,0.05493779663091051,0.1673809840499178,22.0,,
CIFAR-100,EdgeGPU,cifar100,edgegpu_latency,Random Search,0,stage1_random,16,1.0175587277271025,0.017426421017794513,0.18589284024323233,18.0,,
CIFAR-100,EdgeGPU,cifar100,edgegpu_latency,Random Search,0,stage1_random,17,1.016301390511366,0.018746171124433653,0.20050059460986344,15.0,,
CIFAR-100,EdgeGPU,cifar100,edgegpu_latency,Random Search,0,stage1_random,18,1.0161165731039272,0.012120663460723057,0.1725604598109261,20.0,,
CIFAR-100,EdgeGPU,cifar100,edgegpu_latency,Random Search,0,stage1_random,19,1.0172584467290215,0.020955233784909346,0.1973663300764577,15.0,,
CIFAR-100,EdgeGPU,cifar100,edgegpu_latency,Random Search,0,stage1_random,20,1.0170938314167253,0.016047771249930256,0.18574675298872664,18.0,,
CIFAR-100,EdgeGPU,cifar100,edgegpu_latency,Random Search,0,stage1_random,21,1.01855382052246,0.014068172299258018,0.18100586656071752,19.0,,
CIFAR-100,EdgeGPU,cifar100,edgegpu_latency,Random Search,0,stage1_random,22,1.0151432432130205,0.11625639479848551,0.18247562689387417,18.0,,
CIFAR-100,EdgeGPU,cifar100,edgegpu_latency,Random Search,0,stage1_random,23,1.0155373349763046,0.11748154068150457,0.1977208380608067,15.0,,
CIFAR-100,EdgeGPU,cifar100,edgegpu_latency,Random Search,0,stage1_random,24,1.0160390570883067,0.010566556060532643,0.16902556641525093,21.0,,
CIFAR-100,EdgeGPU,cifar100,edgegpu_latency,Random Search,0,stage1_random,25,1.0153231552329014,0.11238630775700853,0.026258415195610573,15.0,,
CIFAR-100,EdgeGPU,cifar100,edgegpu_latency,Random Search,0,stage1_random,26,1.0169914178003958,0.012053811869690444,0.20096806686164048,14.0,,
CIFAR-100,EdgeGPU,cifar100,edgegpu_latency,Random Search,0,stage1_random,27,1.0170094604456628,0.016927606191136726,0.18217620073110286,18.0,,
CIFAR-100,EdgeGPU,cifar100,edgegpu_latency,Random Search,0,stage1_random,28,1.018427028286175,0.01981400326491506,0.17221366914733965,20.0,,
CIFAR-100,EdgeGPU,cifar100,edgegpu_latency,Random Search,0,stage1_random,29,1.0137630266992912,0.012749970300597168,0.1844241866846311,17.0,,
CIFAR-100,RPi-4,cifar100,raspi4_latency,Random Search,0,stage1_random,0,1.1313823172089499,0.01066468288438476,0.17583730078244264,19.0,,
CIFAR-100,RPi-4,cifar100,raspi4_latency,Random Search,0,stage1_random,1,1.1313007170799654,0.00855805297813004,0.1398616439089983,32.0,,
CIFAR-100,RPi-4,cifar100,raspi4_latency,Random Search,0,stage1_random,2,1.1311720473125695,0.009365484248233299,0.13342602239429763,34.0,,
CIFAR-100,RPi-4,cifar100,raspi4_latency,Random Search,0,stage1_random,3,1.133866984265044,0.010372005597043075,0.15794880594244864,24.0,,
CIFAR-100,RPi-4,cifar100,raspi4_latency,Random Search,0,stage1_random,4,1.1334747870996207,0.011556309277699574,0.15603590962642194,24.0,,
CIFAR-100,RPi-4,cifar100,raspi4_latency,Random Search,0,stage1_random,5,1.131136946647914,0.012295315203979874,0.13934617244976807,31.0,,
CIFAR-100,RPi-4,cifar100,raspi4_latency,Random Search,0,stage1_random,6,1.131303484644186,0.0109311661297774,0.15900827821309507,24.0,,
CIFAR-100,RPi-4,cifar100,raspi4_latency,Random Search,0,stage1_random,7,1.1340930703575836,0.008752206467827213,0.15236406916824077,26.0,,
CIFAR-100,RPi-4,cifar100,raspi4_latency,Random Search,0,stage1_random,8,1.133518923519312,0.009176364327207448,0.053781177494333164,30.0,,
CIFAR-100,RPi-4,cifar100,raspi4_latency,Random Search,0,stage1_random,9,1.1312494016912178,0.008063339693145046,0.018450176118378275,30.0,,
CIFAR-100,RPi-4,cifar100,raspi4_latency,Random Search,0,stage1_random,10,1.1359788682502774,0.012418800791063186,0.1765302825886392,20.0,,
CIFAR-100,RPi-4,cifar100,raspi4_latency,Random Search,0,stage1_random,11,1.1325281651695924,0.009495993899029581,0.13286838799855366,34.0,,
CIFAR-100,RPi-4,cifar100,raspi4_latency,Random Search,0,stage1_random,12,1.129325701583744,0.01275511104009385,0.15175098067238937,28.0,,
CIFAR-100,RPi-4,cifar100,raspi4_latency,Random Search,0,stage1_random,13,1.1314272331511306,0.006500368203003692,0.14711356071555182,28.0,,
CIFAR-100,RPi-4,cifar100,raspi4_latency,Random Search,0,stage1_random,14,1.1302609000018562,0.022735784653494157,0.1489784190051091,27.0,,
CIFAR-100,RPi-4,cifar100,raspi4_latency,Random Search,0,stage1_random,15,1.1300675380334002,0.013054939450163184,0.13614693269886355,32.0,,
CIFAR-100,RPi-4,cifar100,raspi4_latency,Random Search,0,stage1_random,16,1.1312292398387775,0.007375051881716186,0.14635395413255986,28.0,,
CIFAR-100,RPi-4,cifar100,raspi4_latency,Random Search,0,stage1_random,17,1.132243462909236,0.013170383042559802,0.14312828301055783,32.0,,
CIFAR-100,RPi-4,cifar100,raspi4_latency,Random Search,0,stage1_random,18,1.1342337382530185,0.010977304420204729,0.1312748462116366,35.0,,
CIFAR-100,RPi-4,cifar100,raspi4_latency,Random Search,0,stage1_random,19,1.1314999789801221,0.015618011398285395,0.16793934151294695,23.0,,
CIFAR-100,RPi-4,cifar100,raspi4_latency,Random Search,0,stage1_random,20,1.1315605937243354,0.008847330177917506,0.14184734281221958,30.0,,
CIFAR-100,RPi-4,cifar100,raspi4_latency,Random Search,0,stage1_random,21,1.1333269226416014,0.008449441170816387,0.13269387696611032,34.0,,
CIFAR-100,RPi-4,cifar100,raspi4_latency,Random Search,0,stage1_random,22,1.1304787392788698,0.020263101556420613,0.030878803048707777,24.0,,
CIFAR-100,RPi-4,cifar100,raspi4_latency,Random Search,0,stage1_random,23,1.1310011626385066,0.015357116946983383,0.16943487851479216,20.0,,
CIFAR-100,RPi-4,cifar100,raspi4_latency,Random Search,0,stage1_random,24,1.1349346583257285,0.010775069496737394,0.1497177921405032,26.0,,
CIFAR-100,RPi-4,cifar100,raspi4_latency,Random Search,0,stage1_random,25,1.1321440137653727,0.010823424344984182,0.1544887264433057,25.0,,
CIFAR-100,RPi-4,cifar100,raspi4_latency,Random Search,0,stage1_random,26,1.1316273238126047,0.009489865035088042,0.13900161874431535,31.0,,
CIFAR-100,RPi-4,cifar100,raspi4_latency,Random Search,0,stage1_random,27,1.1313151859471495,0.007474723139611213,0.14068649479379117,30.0,,
CIFAR-100,RPi-4,cifar100,raspi4_latency,Random Search,0,stage1_random,28,1.1327068054083191,0.014068100905884779,0.13467690662596546,33.0,,
CIFAR-100,RPi-4,cifar100,raspi4_latency,Random Search,0,stage1_random,29,1.1288300619368317,0.009114810731227666,0.14527921989902098,30.0,,
CIFAR-100,Eyeriss,cifar100,eyeriss_latency,Random Search,0,stage1_random,0,0.998374839129682,0.09526652829848511,0.11590626988409337,11.0,,
CIFAR-100,Eyeriss,cifar100,eyeriss_latency,Random Search,0,stage1_random,1,0.9982386172842583,0.06945869918183825,0.0589544378872419,17.0,,
CIFAR-100,Eyeriss,cifar100,eyeriss_latency,Random Search,0,stage1_random,2,1.0060164729129766,0.06821703061365537,0.16511725662834562,12.0,,
CIFAR-100,Eyeriss,cifar100,eyeriss_latency,Random Search,0,stage1_random,3,1.0245426681108882,0.04483098338554583,0.11174183849156911,10.0,,
CIFAR-100,Eyeriss,cifar100,eyeriss_latency,Random Search,0,stage1_random,4,1.0174827728844138,0.02555415244778897,0.09799132028807643,12.0,,
CIFAR-100,Eyeriss,cifar100,eyeriss_latency,Random Search,0,stage1_random,5,0.9946030821706295,0.08575542770490366,0.055602940649002515,16.0,,
CIFAR-100,Eyeriss,cifar100,eyeriss_latency,Random Search,0,stage1_random,6,1.0034464732399504,0.06778542330341364,0.09528981846678448,13.0,,
CIFAR-100,Eyeriss,cifar100,eyeriss_latency,Random Search,0,stage1_random,7,1.0232274456743164,0.05346820088429878,0.10051522136919885,11.0,,
CIFAR-100,Eyeriss,cifar100,eyeriss_latency,Random Search,0,stage1_random,8,1.0166890911975326,0.050580474473155994,0.10741149086482023,11.0,,
CIFAR-100,Eyeriss,cifar100,eyeriss_latency,Random Search,0,stage1_random,9,1.0095387764288806,0.046502363731600216,0.1040587530863709,14.0,,
CIFAR-100,Eyeriss,cifar100,eyeriss_latency,Random Search,0,stage1_random,10,1.0303097533215104,0.04649307853007644,0.10889330254340569,10.0,,
CIFAR-100,Eyeriss,cifar100,eyeriss_latency,Random Search,0,stage1_random,11,1.0137111283767197,0.05690445791818812,0.10578631085044485,15.0,,
CIFAR-100,Eyeriss,cifar100,eyeriss_latency,Random Search,0,stage1_random,12,0.9871654109309986,0.10300849320577823,0.03975813353969071,16.0,,
CIFAR-100,Eyeriss,cifar100,eyeriss_latency,Random Search,0,stage1_random,13,1.0061449598349699,0.06057089980086852,0.09818549521484289,17.0,,
CIFAR-100,Eyeriss,cifar100,eyeriss_latency,Random Search,0,stage1_random,14,1.0107178635210736,0.04349820292377611,0.10058715453668399,14.0,,
CIFAR-100,Eyeriss,cifar100,eyeriss_latency,Random Search,0,stage1_random,15,1.0045728725457277,0.08607603715956559,0.1138827285743607,15.0,,
CIFAR-100,Eyeriss,cifar100,eyeriss_latency,Random Search,0,stage1_random,16,1.0017685865227568,0.0419758280987884,0.11076790141924309,15.0,,
CIFAR-100,Eyeriss,cifar100,eyeriss_latency,Random Search,0,stage1_random,17,1.0064472896368115,0.0679878806826603,0.10358595558699896,12.0,,
CIFAR-100,Eyeriss,cifar100,eyeriss_latency,Random Search,0,stage1_random,18,1.0251700688392615,0.0537630706056661,0.1000700255813294,14.0,,
CIFAR-100,Eyeriss,cifar100,eyeriss_latency,Random Search,0,stage1_random,19,1.010974961926565,0.087235197551616,0.11362430411440061,16.0,,
CIFAR-100,Eyeriss,cifar100,eyeriss_latency,Random Search,0,stage1_random,20,0.994444335453128,0.047849248449228526,0.11447457531328924,14.0,,
CIFAR-100,Eyeriss,cifar100,eyeriss_latency,Random Search,0,stage1_random,21,1.0205667686859992,0.05127225574493982,0.093010118271127,14.0,,
CIFAR-100,Eyeriss,cifar100,eyeriss_latency,Random Search,0,stage1_random,22,1.0083519993938008,0.070017540162065,0.0932836336759235,12.0,,
CIFAR-100,Eyeriss,cifar100,eyeriss_latency,Random Search,0,stage1_random,23,0.9999091427625355,0.07854739272814289,0.10709426193572566,10.0,,
CIFAR-100,Eyeriss,cifar100,eyeriss_latency,Random Search,0,stage1_random,24,1.026009059773433,0.05245423690317346,0.10134233916020251,13.0,,
CIFAR-100,Eyeriss,cifar100,eyeriss_latency,Random Search,0,stage1_random,25,1.0033181229896078,0.07373758972132105,0.09888619861451677,12.0,,
CIFAR-100,Eyeriss,cifar100,eyeriss_latency,Random Search,0,stage1_random,26,1.01755089245723,0.05571545433049663,0.10561934246738738,15.0,,
CIFAR-100,Eyeriss,cifar100,eyeriss_latency,Random Search,0,stage1_random,27,1.0054646377673597,0.059122044094881324,0.11117477617921184,13.0,,
CIFAR-100,Eyeriss,cifar100,eyeriss_latency,Random Search,0,stage1_random,28,1.0121086965209454,0.07909908816950448,0.09642517217753802,14.0,,
CIFAR-100,Eyeriss,cifar100,eyeriss_latency,Random Search,0,stage1_random,29,1.0092062231619696,0.05759620260181087,0.10671760461280491,12.0,,
ImageNet-16,EdgeGPU,ImageNet16-120,edgegpu_latency,Random Search,0,stage1_random,0,0.9738660169594864,0.03454999189136973,0.12904935715541177,21.0,,
ImageNet-16,EdgeGPU,ImageNet16-120,edgegpu_latency,Random Search,0,stage1_random,1,0.9810556149048243,0.03185739798570576,0.04082065043269318,15.0,,
ImageNet-16,EdgeGPU,ImageNet16-120,edgegpu_latency,Random Search,0,stage1_random,2,0.9792613613742791,0.07231399230401317,0.11565304965824065,25.0,,
ImageNet-16,EdgeGPU,ImageNet16-120,edgegpu_latency,Random Search,0,stage1_random,3,0.9775891299937928,0.041565936162337204,0.13798486369762036,20.0,,
ImageNet-16,EdgeGPU,ImageNet16-120,edgegpu_latency,Random Search,0,stage1_random,4,0.97863533670142,0.0182285744183118,0.13255154902178198,19.0,,
ImageNet-16,EdgeGPU,ImageNet16-120,edgegpu_latency,Random Search,0,stage1_random,5,0.9778269232653709,0.01931180817403305,0.1241542587032877,22.0,,
ImageNet-16,EdgeGPU,ImageNet16-120,edgegpu_latency,Random Search,0,stage1_random,6,0.9759887469160211,0.021177842152508963,0.12909643804748694,20.0,,
ImageNet-16,EdgeGPU,ImageNet16-120,edgegpu_latency,Random Search,0,stage1_random,7,0.9752928163897645,0.024672934196953898,0.13647335070899907,21.0,,
ImageNet-16,EdgeGPU,ImageNet16-120,edgegpu_latency,Random Search,0,stage1_random,8,0.9761355017855354,0.025827196339785884,0.12263499747144371,23.0,,
ImageNet-16,EdgeGPU,ImageNet16-120,edgegpu_latency,Random Search,0,stage1_random,9,0.9706726362786962,0.042558129379472655,0.1130913457908149,26.0,,
ImageNet-16,EdgeGPU,ImageNet16-120,edgegpu_latency,Random Search,0,stage1_random,10,0.9756359847515037,0.03591703375594147,0.13280929174408018,19.0,,
ImageNet-16,EdgeGPU,ImageNet16-120,edgegpu_latency,Random Search,0,stage1_random,11,0.9743699714789027,0.028043689258226524,0.12486368541021735,21.0,,
ImageNet-16,EdgeGPU,ImageNet16-120,edgegpu_latency,Random Search,0,stage1_random,12,0.9776434086135356,0.025777824848782136,0.12254128152416555,23.0,,
ImageNet-16,EdgeGPU,ImageNet16-120,edgegpu_latency,Random Search,0,stage1_random,13,0.9786114911121307,0.029309888355388947,0.03214323116799828,21.0,,
ImageNet-16,EdgeGPU,ImageNet16-120,edgegpu_latency,Random Search,0,stage1_random,14,0.9726798526591903,0.022670906531242267,0.13373331915459155,18.0,,
ImageNet-16,EdgeGPU,ImageNet16-120,edgegpu_latency,Random Search,0,stage1_random,15,0.9820550194106048,0.06669026603902246,0.12439896706964167,22.0,,
ImageNet-16,EdgeGPU,ImageNet16-120,edgegpu_latency,Random Search,0,stage1_random,16,0.9753349829375038,0.03443527642587836,0.13786495350793082,19.0,,
ImageNet-16,EdgeGPU,ImageNet16-120,edgegpu_latency,Random Search,0,stage1_random,17,0.9783624796296067,0.07637433626806892,0.13018671393353914,19.0,,
ImageNet-16,EdgeGPU,ImageNet16-120,edgegpu_latency,Random Search,0,stage1_random,18,0.9802313016075973,0.01949464550617426,0.12648987987368765,22.0,,
ImageNet-16,EdgeGPU,ImageNet16-120,edgegpu_latency,Random Search,0,stage1_random,19,0.9730429502835519,0.02427307161611915,0.12770359010562396,21.0,,
ImageNet-16,EdgeGPU,ImageNet16-120,edgegpu_latency,Random Search,0,stage1_random,20,0.9784801884149286,0.06873191249990901,0.14735425884223954,22.0,,
ImageNet-16,EdgeGPU,ImageNet16-120,edgegpu_latency,Random Search,0,stage1_random,21,0.9810705051674289,0.06841202840144717,0.14182060635094207,16.0,,
ImageNet-16,EdgeGPU,ImageNet16-120,edgegpu_latency,Random Search,0,stage1_random,22,0.9787780009279772,0.07021853165924213,0.16203209139845456,11.0,,
ImageNet-16,EdgeGPU,ImageNet16-120,edgegpu_latency,Random Search,0,stage1_random,23,0.9762950419711502,0.038802365240293415,0.12460459960531305,22.0,,
ImageNet-16,EdgeGPU,ImageNet16-120,edgegpu_latency,Random Search,0,stage1_random,24,0.9781887414760597,0.030483091032235517,0.13561194703923252,19.0,,
ImageNet-16,EdgeGPU,ImageNet16-120,edgegpu_latency,Random Search,0,stage1_random,25,0.9780430552965492,0.025517412380632137,0.1343583499702791,20.0,,
ImageNet-16,EdgeGPU,ImageNet16-120,edgegpu_latency,Random Search,0,stage1_random,26,0.9797489344374151,0.045531674875238765,0.12046311254985485,24.0,,
ImageNet-16,EdgeGPU,ImageNet16-120,edgegpu_latency,Random Search,0,stage1_random,27,0.9795440072391677,0.026030849181330477,0.1268918118358536,22.0,,
ImageNet-16,EdgeGPU,ImageNet16-120,edgegpu_latency,Random Search,0,stage1_random,28,0.9805957806331258,0.07333784403880649,0.14843690520575922,16.0,,
ImageNet-16,EdgeGPU,ImageNet16-120,edgegpu_latency,Random Search,0,stage1_random,29,0.9764089311321876,0.024880100296177966,0.022163619630181933,22.0,,
ImageNet-16,RPi-4,ImageNet16-120,raspi4_latency,Random Search,0,stage1_random,0,0.9982623269929971,0.046876211453744175,0.10269744348298286,34.0,,
ImageNet-16,RPi-4,ImageNet16-120,raspi4_latency,Random Search,0,stage1_random,1,0.9937072697749147,0.043423106069524355,0.10676899455880029,30.0,,
ImageNet-16,RPi-4,ImageNet16-120,raspi4_latency,Random Search,0,stage1_random,2,0.9931449806585366,0.06660414488046422,0.1011694126551527,33.0,,
ImageNet-16,RPi-4,ImageNet16-120,raspi4_latency,Random Search,0,stage1_random,3,0.9962273619457211,0.018620297995119637,0.09418909630491894,39.0,,
ImageNet-16,RPi-4,ImageNet16-120,raspi4_latency,Random Search,0,stage1_random,4,0.9959591004224072,0.02573898600575693,0.10955772403710845,27.0,,
ImageNet-16,RPi-4,ImageNet16-120,raspi4_latency,Random Search,0,stage1_random,5,0.9971301528821525,0.06085421629389251,0.11207922374114056,28.0,,
ImageNet-16,RPi-4,ImageNet16-120,raspi4_latency,Random Search,0,stage1_random,6,0.9937836545026493,0.05057374463721859,0.10325912569947537,38.0,,
ImageNet-16,RPi-4,ImageNet16-120,raspi4_latency,Random Search,0,stage1_random,7,0.9992743326617605,0.02337193652471118,0.09901352088474857,34.0,,
ImageNet-16,RPi-4,ImageNet16-120,raspi4_latency,Random Search,0,stage1_random,8,0.9905129293189845,0.04575959015345478,0.12102962661323649,34.0,,
ImageNet-16,RPi-4,ImageNet16-120,raspi4_latency,Random Search,0,stage1_random,9,0.9916771525370001,0.03758377723668989,0.09634695394626837,41.0,,
ImageNet-16,RPi-4,ImageNet16-120,raspi4_latency,Random Search,0,stage1_random,10,0.9943725230988273,0.019105025822261014,0.11103867382141233,28.0,,
ImageNet-16,RPi-4,ImageNet16-120,raspi4_latency,Random Search,0,stage1_random,11,0.9920198776451398,0.028406464822086527,0.02102961998213344,34.0,,
ImageNet-16,RPi-4,ImageNet16-120,raspi4_latency,Random Search,0,stage1_random,12,0.9934616866125981,0.02446625362663374,0.0965377724059079,35.0,,
ImageNet-16,RPi-4,ImageNet16-120,raspi4_latency,Random Search,0,stage1_random,13,0.9933654018947069,0.023656286246141425,0.09726592131459222,37.0,,
ImageNet-16,RPi-4,ImageNet16-120,raspi4_latency,Random Search,0,stage1_random,14,0.9962255803346586,0.03065860122492595,0.11827704700632621,26.0,,
ImageNet-16,RPi-4,ImageNet16-120,raspi4_latency,Random Search,0,stage1_random,15,0.9925530893270532,0.03581580914663797,0.10450620991708452,35.0,,
ImageNet-16,RPi-4,ImageNet16-120,raspi4_latency,Random Search,0,stage1_random,16,0.9955821090967232,0.022799437269008575,0.11029427093059953,29.0,,
ImageNet-16,RPi-4,ImageNet16-120,raspi4_latency,Random Search,0,stage1_random,17,0.993143049227293,0.0265118981553425,0.11175507665001785,35.0,,
ImageNet-16,RPi-4,ImageNet16-120,raspi4_latency,Random Search,0,stage1_random,18,0.9946687974470777,0.024761391552427937,0.09590347140942947,39.0,,
ImageNet-16,RPi-4,ImageNet16-120,raspi4_latency,Random Search,0,stage1_random,19,0.993164371098022,0.04201575696544096,0.12889781242796353,30.0,,
ImageNet-16,RPi-4,ImageNet16-120,raspi4_latency,Random Search,0,stage1_random,20,0.9913323104115269,0.04227068283888281,0.09900635434894163,41.0,,
ImageNet-16,RPi-4,ImageNet16-120,raspi4_latency,Random Search,0,stage1_random,21,0.9944082554729732,0.032855759652060126,0.1220029764536058,30.0,,
ImageNet-16,RPi-4,ImageNet16-120,raspi4_latency,Random Search,0,stage1_random,22,0.9977486053185566,0.046461867886166484,0.10906438256743778,32.0,,
ImageNet-16,RPi-4,ImageNet16-120,raspi4_latency,Random Search,0,stage1_random,23,0.9926593785711845,0.025091913741211086,0.039055347029701655,31.0,,
ImageNet-16,RPi-4,ImageNet16-120,raspi4_latency,Random Search,0,stage1_random,24,1.0019621721728083,0.025190133576864192,0.10200986439983764,34.0,,
ImageNet-16,RPi-4,ImageNet16-120,raspi4_latency,Random Search,0,stage1_random,25,0.9949741996311281,0.06579075199527439,0.11274955454906099,34.0,,
ImageNet-16,RPi-4,ImageNet16-120,raspi4_latency,Random Search,0,stage1_random,26,0.9947042332715859,0.02148342717610482,0.11462114892720604,28.0,,
ImageNet-16,RPi-4,ImageNet16-120,raspi4_latency,Random Search,0,stage1_random,27,0.9901541967946419,0.02322996972580357,0.0986268872979673,34.0,,
ImageNet-16,RPi-4,ImageNet16-120,raspi4_latency,Random Search,0,stage1_random,28,0.9919483991774521,0.06570704380272553,0.12277823330150602,36.0,,
ImageNet-16,RPi-4,ImageNet16-120,raspi4_latency,Random Search,0,stage1_random,29,0.9960378527224962,0.02784384256294626,0.11233656528843879,35.0,,
ImageNet-16,Eyeriss,ImageNet16-120,eyeriss_latency,Random Search,0,stage1_random,0,0.9429336624814088,0.03994046442755044,0.07749041310603685,14.0,,
ImageNet-16,Eyeriss,ImageNet16-120,eyeriss_latency,Random Search,0,stage1_random,1,0.9344670976258289,0.04299241507261399,0.08386093184229684,15.0,,
ImageNet-16,Eyeriss,ImageNet16-120,eyeriss_latency,Random Search,0,stage1_random,2,0.9253818566219929,0.07595706340837241,0.12242943388385136,14.0,,
ImageNet-16,Eyeriss,ImageNet16-120,eyeriss_latency,Random Search,0,stage1_random,3,0.9446802941477194,0.03369611391212876,0.08202758060086222,15.0,,
ImageNet-16,Eyeriss,ImageNet16-120,eyeriss_latency,Random Search,0,stage1_random,4,0.9475962101558086,0.04652993259944204,0.0874677259078868,13.0,,
ImageNet-16,Eyeriss,ImageNet16-120,eyeriss_latency,Random Search,0,stage1_random,5,0.9465304816336555,0.1386532284423084,0.08199122522253788,14.0,,
ImageNet-16,Eyeriss,ImageNet16-120,eyeriss_latency,Random Search,0,stage1_random,6,0.9515482077799906,0.12740964515232464,0.10049327740259041,14.0,,
ImageNet-16,Eyeriss,ImageNet16-120,eyeriss_latency,Random Search,0,stage1_random,7,0.9481586730463587,0.024839860731338315,0.08382874380974406,14.0,,
ImageNet-16,Eyeriss,ImageNet16-120,eyeriss_latency,Random Search,0,stage1_random,8,0.9390260335813974,0.13055478580081015,0.09472209928398975,15.0,,
ImageNet-16,Eyeriss,ImageNet16-120,eyeriss_latency,Random Search,0,stage1_random,9,0.9426376202874687,0.13839046062630406,0.07811768954825153,15.0,,
ImageNet-16,Eyeriss,ImageNet16-120,eyeriss_latency,Random Search,0,stage1_random,10,0.9398845539111255,0.04250915922658098,0.10944140324135247,14.0,,
ImageNet-16,Eyeriss,ImageNet16-120,eyeriss_latency,Random Search,0,stage1_random,11,0.9469893124783901,0.16904272202010565,0.08315365701787826,14.0,,
ImageNet-16,Eyeriss,ImageNet16-120,eyeriss_latency,Random Search,0,stage1_random,12,0.9425488371034132,0.1670930653248886,0.048004337007394184,13.0,,
ImageNet-16,Eyeriss,ImageNet16-120,eyeriss_latency,Random Search,0,stage1_random,13,0.9506749503869143,0.16083092875199334,0.08136511551784617,13.0,,
ImageNet-16,Eyeriss,ImageNet16-120,eyeriss_latency,Random Search,0,stage1_random,14,0.955322674608284,0.09699415833932619,0.13599834270585143,13.0,,
ImageNet-16,Eyeriss,ImageNet16-120,eyeriss_latency,Random Search,0,stage1_random,15,0.9574837277411906,0.1147830744638738,0.12104994197114442,14.0,,
ImageNet-16,Eyeriss,ImageNet16-120,eyeriss_latency,Random Search,0,stage1_random,16,0.9504825148300595,0.025298211789944163,0.08407216189998791,14.0,,
ImageNet-16,Eyeriss,ImageNet16-120,eyeriss_latency,Random Search,0,stage1_random,17,0.9323208679459525,0.13460252557633726,0.13488956206924196,15.0,,
ImageNet-16,Eyeriss,ImageNet16-120,eyeriss_latency,Random Search,0,stage1_random,18,0.9428300558443233,0.019404666020666463,0.07971871507284743,15.0,,
ImageNet-16,Eyeriss,ImageNet16-120,eyeriss_latency,Random Search,0,stage1_random,19,0.9623534683627777,0.12832762989487348,0.13391330915366367,15.0,,
ImageNet-16,Eyeriss,ImageNet16-120,eyeriss_latency,Random Search,0,stage1_random,20,0.9355180382671737,0.12031851633155848,0.06470206836237906,17.0,,
ImageNet-16,Eyeriss,ImageNet16-120,eyeriss_latency,Random Search,0,stage1_random,21,0.9595262948847758,0.12876510338008917,0.0723942763154252,11.0,,
ImageNet-16,Eyeriss,ImageNet16-120,eyeriss_latency,Random Search,0,stage1_random,22,0.946352879693323,0.040083865025990636,0.08057367941368776,13.0,,
ImageNet-16,Eyeriss,ImageNet16-120,eyeriss_latency,Random Search,0,stage1_random,23,0.9409058628916478,0.1383635559024721,0.07603842037286458,12.0,,
ImageNet-16,Eyeriss,ImageNet16-120,eyeriss_latency,Random Search,0,stage1_random,24,0.9414238960770754,0.03889878178915336,0.08627819464867571,11.0,,
ImageNet-16,Eyeriss,ImageNet16-120,eyeriss_latency,Random Search,0,stage1_random,25,0.9416015335896297,0.13538950030055122,0.08056050407692347,13.0,,
ImageNet-16,Eyeriss,ImageNet16-120,eyeriss_latency,Random Search,0,stage1_random,26,0.9389816292850048,0.06837694961598413,0.08823646823726458,13.0,,
ImageNet-16,Eyeriss,ImageNet16-120,eyeriss_latency,Random Search,0,stage1_random,27,0.9265334402261665,0.06375332157232622,0.0751677954446874,18.0,,
ImageNet-16,Eyeriss,ImageNet16-120,eyeriss_latency,Random Search,0,stage1_random,28,0.9451243320298998,0.11651321019921819,0.12181833981372542,15.0,,
ImageNet-16,Eyeriss,ImageNet16-120,eyeriss_latency,Random Search,0,stage1_random,29,0.9379455171784359,0.07231740470120464,0.09212121696156036,16.0,,
