Dataset,Hardware,ds_key,hw_key,exp_name,Label,Short,Seed,HV,IGD,Spacing
CIFAR-10,EdgeGPU,cifar10,edgegpu_latency,no_restart,T6: No Restart,No Restart,0,1.0486008587575284,0.0033548283149378963,0.039685214460665724
CIFAR-10,EdgeGPU,cifar10,edgegpu_latency,no_restart,T6: No Restart,No Restart,1,1.0480625769962864,0.003261112436088766,0.035363995675232046
CIFAR-10,EdgeGPU,cifar10,edgegpu_latency,no_restart,T6: No Restart,No Restart,2,1.0480453513707113,0.01008827584008402,0.004267272218432272
CIFAR-10,EdgeGPU,cifar10,edgegpu_latency,no_restart,T6: No Restart,No Restart,3,1.0474731799139407,0.008516987257156265,0.0038845233402158928
CIFAR-10,EdgeGPU,cifar10,edgegpu_latency,no_restart,T6: No Restart,No Restart,4,1.0474899398488449,0.004423188480123096,0.004037158284364902
CIFAR-10,EdgeGPU,cifar10,edgegpu_latency,no_restart,T6: No Restart,No Restart,5,1.048585001784094,0.008903236251121379,0.03479029981547974
CIFAR-10,EdgeGPU,cifar10,edgegpu_latency,no_restart,T6: No Restart,No Restart,6,1.0475362731891926,0.007836026149596149,0.024843426504311716
CIFAR-10,EdgeGPU,cifar10,edgegpu_latency,no_restart,T6: No Restart,No Restart,7,1.0480021734298917,0.0017485616242995349,0.00423160824998153
CIFAR-10,EdgeGPU,cifar10,edgegpu_latency,no_restart,T6: No Restart,No Restart,8,1.0483422388399128,0.007288122349415619,0.0011561993755027289
CIFAR-10,EdgeGPU,cifar10,edgegpu_latency,no_restart,T6: No Restart,No Restart,9,1.048470457920473,0.011011259477682703,0.011757155532137423
CIFAR-10,EdgeGPU,cifar10,edgegpu_latency,no_restart,T6: No Restart,No Restart,10,1.0473289688449774,0.008148744846517803,0.01030700094750138
CIFAR-10,EdgeGPU,cifar10,edgegpu_latency,no_restart,T6: No Restart,No Restart,11,1.0458884846061967,0.015477907081954604,0.03641537657265079
CIFAR-10,EdgeGPU,cifar10,edgegpu_latency,no_restart,T6: No Restart,No Restart,12,1.0476518930433283,0.005888234027909198,0.04809908511042743
CIFAR-10,EdgeGPU,cifar10,edgegpu_latency,no_restart,T6: No Restart,No Restart,13,1.0463560848427302,0.014784909329746776,2.3941060389047397e-05
CIFAR-10,EdgeGPU,cifar10,edgegpu_latency,no_restart,T6: No Restart,No Restart,14,1.0475720202399563,0.014034985556409774,0.0059903070836558
CIFAR-10,EdgeGPU,cifar10,edgegpu_latency,no_restart,T6: No Restart,No Restart,15,1.047907334088812,0.01091451996067984,0.004337136027209686
CIFAR-10,EdgeGPU,cifar10,edgegpu_latency,no_restart,T6: No Restart,No Restart,16,1.0481303688256505,0.02357216004908834,0.010262200378923543
CIFAR-10,EdgeGPU,cifar10,edgegpu_latency,no_restart,T6: No Restart,No Restart,17,1.0474031720427743,0.006925926543625993,0.002567377535347944
CIFAR-10,EdgeGPU,cifar10,edgegpu_latency,no_restart,T6: No Restart,No Restart,18,1.0476190882105316,0.006989392836974016,0.0009199892136350003
CIFAR-10,EdgeGPU,cifar10,edgegpu_latency,no_restart,T6: No Restart,No Restart,19,1.0484297465279948,0.0008098864553645036,0.0010845726789174884
CIFAR-10,EdgeGPU,cifar10,edgegpu_latency,no_restart,T6: No Restart,No Restart,20,1.048171482152116,0.007808494126453352,0.0023134871026564865
CIFAR-10,EdgeGPU,cifar10,edgegpu_latency,no_restart,T6: No Restart,No Restart,21,1.0464305557836275,0.007314514652466737,0.007294266172257885
CIFAR-10,EdgeGPU,cifar10,edgegpu_latency,no_restart,T6: No Restart,No Restart,22,1.0478900832823879,0.002139129691585537,0.061520632644637835
CIFAR-10,EdgeGPU,cifar10,edgegpu_latency,no_restart,T6: No Restart,No Restart,23,1.048919560848959,0.005718928676361876,0.0432494233338773
CIFAR-10,EdgeGPU,cifar10,edgegpu_latency,no_restart,T6: No Restart,No Restart,24,1.04709265078736,0.010248981981482436,0.004631695114369013
CIFAR-10,EdgeGPU,cifar10,edgegpu_latency,no_restart,T6: No Restart,No Restart,25,1.0458838119716163,0.01654436567002972,0.07292070544762277
CIFAR-10,EdgeGPU,cifar10,edgegpu_latency,no_restart,T6: No Restart,No Restart,26,1.0479993684265627,0.00802445217340781,0.005010936539685581
CIFAR-10,EdgeGPU,cifar10,edgegpu_latency,no_restart,T6: No Restart,No Restart,27,1.0475917552238034,0.002196787106675416,0.03672929443896983
CIFAR-10,EdgeGPU,cifar10,edgegpu_latency,no_restart,T6: No Restart,No Restart,28,1.0464627503854913,0.005708243018934427,0.03853783809799131
CIFAR-10,EdgeGPU,cifar10,edgegpu_latency,no_restart,T6: No Restart,No Restart,29,1.0481246145709722,0.004283027010954597,0.03504762669680446
CIFAR-10,RPi-4,cifar10,raspi4_latency,no_restart,T6: No Restart,No Restart,0,1.1566631539346486,0.003636817078615944,0.00868438105587797
CIFAR-10,RPi-4,cifar10,raspi4_latency,no_restart,T6: No Restart,No Restart,1,1.1565630977234347,0.003976354159781808,0.0034363379567790182
CIFAR-10,RPi-4,cifar10,raspi4_latency,no_restart,T6: No Restart,No Restart,2,1.1572421132003103,0.0023157739314111753,0.04309155199311525
CIFAR-10,RPi-4,cifar10,raspi4_latency,no_restart,T6: No Restart,No Restart,3,1.1566698416404821,0.0024491119299790767,0.004562046428922113
CIFAR-10,RPi-4,cifar10,raspi4_latency,no_restart,T6: No Restart,No Restart,4,1.155705651474559,0.0034744502731183947,0.010517228665275897
CIFAR-10,RPi-4,cifar10,raspi4_latency,no_restart,T6: No Restart,No Restart,5,1.1565172641194716,0.002118143844794056,0.00413164192118497
CIFAR-10,RPi-4,cifar10,raspi4_latency,no_restart,T6: No Restart,No Restart,6,1.1575461302916312,0.0021798560216231004,0.03677556049586554
CIFAR-10,RPi-4,cifar10,raspi4_latency,no_restart,T6: No Restart,No Restart,7,1.1550537951470103,0.0051227906579805055,0.0031941372545193037
CIFAR-10,RPi-4,cifar10,raspi4_latency,no_restart,T6: No Restart,No Restart,8,1.1559236158205872,0.007776449265866649,0.03991605861458451
CIFAR-10,RPi-4,cifar10,raspi4_latency,no_restart,T6: No Restart,No Restart,9,1.1564772870630442,0.002064787844261291,0.002720630498881586
CIFAR-10,RPi-4,cifar10,raspi4_latency,no_restart,T6: No Restart,No Restart,10,1.1560462389911468,0.0026472218781544367,0.003707956227138575
CIFAR-10,RPi-4,cifar10,raspi4_latency,no_restart,T6: No Restart,No Restart,11,1.1576743453074319,0.0015685112093230713,0.04241899084514895
CIFAR-10,RPi-4,cifar10,raspi4_latency,no_restart,T6: No Restart,No Restart,12,1.15361760043724,0.006854407365699869,0.007433665301512476
CIFAR-10,RPi-4,cifar10,raspi4_latency,no_restart,T6: No Restart,No Restart,13,1.1550646559118112,0.007886246043539673,0.004212989493822396
CIFAR-10,RPi-4,cifar10,raspi4_latency,no_restart,T6: No Restart,No Restart,14,1.1537382184299134,0.004356630986272629,0.0027966458817758996
CIFAR-10,RPi-4,cifar10,raspi4_latency,no_restart,T6: No Restart,No Restart,15,1.1533517763166616,0.004693542847537987,0.04120221655880624
CIFAR-10,RPi-4,cifar10,raspi4_latency,no_restart,T6: No Restart,No Restart,16,1.156276620982962,0.004441563624777029,0.0294743459811635
CIFAR-10,RPi-4,cifar10,raspi4_latency,no_restart,T6: No Restart,No Restart,17,1.157178325977082,0.0019243766818591412,0.046556568612573006
CIFAR-10,RPi-4,cifar10,raspi4_latency,no_restart,T6: No Restart,No Restart,18,1.1540872483588616,0.002605384023270594,0.028156321166033768
CIFAR-10,RPi-4,cifar10,raspi4_latency,no_restart,T6: No Restart,No Restart,19,1.1551523909156076,0.00419527931425929,0.04151455320470238
CIFAR-10,RPi-4,cifar10,raspi4_latency,no_restart,T6: No Restart,No Restart,20,1.1531112868014521,0.003978712209594713,0.0432500388541862
CIFAR-10,RPi-4,cifar10,raspi4_latency,no_restart,T6: No Restart,No Restart,21,1.1561186856440546,0.003839733794637558,0.07138755304170609
CIFAR-10,RPi-4,cifar10,raspi4_latency,no_restart,T6: No Restart,No Restart,22,1.1563261247139525,0.003212502022068093,0.03358292823766699
CIFAR-10,RPi-4,cifar10,raspi4_latency,no_restart,T6: No Restart,No Restart,23,1.1549998597352622,0.005978150387918233,0.002124560884345873
CIFAR-10,RPi-4,cifar10,raspi4_latency,no_restart,T6: No Restart,No Restart,24,1.1530480736405755,0.00607622913794941,0.025642601131348672
CIFAR-10,RPi-4,cifar10,raspi4_latency,no_restart,T6: No Restart,No Restart,25,1.155859803628191,0.004079005245267727,0.03255484242408523
CIFAR-10,RPi-4,cifar10,raspi4_latency,no_restart,T6: No Restart,No Restart,26,1.1576329450818268,0.0021506805826096392,0.004121604400642069
CIFAR-10,RPi-4,cifar10,raspi4_latency,no_restart,T6: No Restart,No Restart,27,1.1535194837788305,0.0036565573165078637,0.00458946286225512
CIFAR-10,RPi-4,cifar10,raspi4_latency,no_restart,T6: No Restart,No Restart,28,1.1581405479544318,0.0027218131653016873,0.03967033900785645
CIFAR-10,RPi-4,cifar10,raspi4_latency,no_restart,T6: No Restart,No Restart,29,1.1558153538590505,0.0037735585964852837,0.03772757601289234
CIFAR-10,Eyeriss,cifar10,eyeriss_latency,no_restart,T6: No Restart,No Restart,0,1.0314600302691905,0.013315415199841673,0.012328091815286869
CIFAR-10,Eyeriss,cifar10,eyeriss_latency,no_restart,T6: No Restart,No Restart,1,1.005336007145382,0.04202234656728357,0.007795333940908011
CIFAR-10,Eyeriss,cifar10,eyeriss_latency,no_restart,T6: No Restart,No Restart,2,1.0270957487194001,0.018614107100186007,0.006279249873346269
CIFAR-10,Eyeriss,cifar10,eyeriss_latency,no_restart,T6: No Restart,No Restart,3,1.0203294266677008,0.022346780664466933,0.008522797379727784
CIFAR-10,Eyeriss,cifar10,eyeriss_latency,no_restart,T6: No Restart,No Restart,4,1.0273596324196523,0.04639773820980431,0.015094705421010777
CIFAR-10,Eyeriss,cifar10,eyeriss_latency,no_restart,T6: No Restart,No Restart,5,1.0073334313440188,0.03846986389021336,0.019625653006179557
CIFAR-10,Eyeriss,cifar10,eyeriss_latency,no_restart,T6: No Restart,No Restart,6,1.0090053660850138,0.04671910513879475,0.017472421151140356
CIFAR-10,Eyeriss,cifar10,eyeriss_latency,no_restart,T6: No Restart,No Restart,7,1.0302017744633163,0.018580349868634476,0.025676827580093736
CIFAR-10,Eyeriss,cifar10,eyeriss_latency,no_restart,T6: No Restart,No Restart,8,1.0145662775441076,0.023169658029352166,0.00959360034021395
CIFAR-10,Eyeriss,cifar10,eyeriss_latency,no_restart,T6: No Restart,No Restart,9,1.011469153318585,0.0444204675613644,0.004727894189212408
CIFAR-10,Eyeriss,cifar10,eyeriss_latency,no_restart,T6: No Restart,No Restart,10,1.0130261940269203,0.028028000637771385,0.025930726976287313
CIFAR-10,Eyeriss,cifar10,eyeriss_latency,no_restart,T6: No Restart,No Restart,11,1.0168717708080548,0.023192432404536428,0.007343446884085764
CIFAR-10,Eyeriss,cifar10,eyeriss_latency,no_restart,T6: No Restart,No Restart,12,1.0113106176787783,0.025548419110576773,0.042731190269782275
CIFAR-10,Eyeriss,cifar10,eyeriss_latency,no_restart,T6: No Restart,No Restart,13,0.9829516085668055,0.049743957889854445,0.002377516181911359
CIFAR-10,Eyeriss,cifar10,eyeriss_latency,no_restart,T6: No Restart,No Restart,14,1.0296825863542949,0.017692472853059284,0.028018158021667985
CIFAR-10,Eyeriss,cifar10,eyeriss_latency,no_restart,T6: No Restart,No Restart,15,1.0151996950927866,0.01657921585313257,0.019690146079489688
CIFAR-10,Eyeriss,cifar10,eyeriss_latency,no_restart,T6: No Restart,No Restart,16,0.9974478923842679,0.078343491318405,0.005764223243121526
CIFAR-10,Eyeriss,cifar10,eyeriss_latency,no_restart,T6: No Restart,No Restart,17,1.0239194372307017,0.014259157020911104,0.01516804566023151
CIFAR-10,Eyeriss,cifar10,eyeriss_latency,no_restart,T6: No Restart,No Restart,18,0.9970035011967712,0.02501244960547158,0.008495874942913758
CIFAR-10,Eyeriss,cifar10,eyeriss_latency,no_restart,T6: No Restart,No Restart,19,1.011680111248841,0.03649436652678115,0.020650710450669633
CIFAR-10,Eyeriss,cifar10,eyeriss_latency,no_restart,T6: No Restart,No Restart,20,0.9993527770421385,0.028312429545455382,0.013244731210637491
CIFAR-10,Eyeriss,cifar10,eyeriss_latency,no_restart,T6: No Restart,No Restart,21,1.027474043111947,0.0195516184122182,0.011998185432841578
CIFAR-10,Eyeriss,cifar10,eyeriss_latency,no_restart,T6: No Restart,No Restart,22,1.0179714506957587,0.01603509645757644,0.010102020826609083
CIFAR-10,Eyeriss,cifar10,eyeriss_latency,no_restart,T6: No Restart,No Restart,23,1.0273333507872913,0.019330383093226176,0.034916059551459225
CIFAR-10,Eyeriss,cifar10,eyeriss_latency,no_restart,T6: No Restart,No Restart,24,1.0207253629835797,0.02359445779671123,0.013920428327856976
CIFAR-10,Eyeriss,cifar10,eyeriss_latency,no_restart,T6: No Restart,No Restart,25,0.9965855728942725,0.07967494041821337,0.00386577115767827
CIFAR-10,Eyeriss,cifar10,eyeriss_latency,no_restart,T6: No Restart,No Restart,26,1.0313192573878074,0.008272528918706805,0.037015590591118766
CIFAR-10,Eyeriss,cifar10,eyeriss_latency,no_restart,T6: No Restart,No Restart,27,1.0287939248143925,0.010551363563014888,0.009806087824536203
CIFAR-10,Eyeriss,cifar10,eyeriss_latency,no_restart,T6: No Restart,No Restart,28,1.0212005268409985,0.014317135979829643,0.03932141214885177
CIFAR-10,Eyeriss,cifar10,eyeriss_latency,no_restart,T6: No Restart,No Restart,29,1.0174522223083735,0.0189199822491439,0.02808520829328155
CIFAR-100,EdgeGPU,cifar100,edgegpu_latency,no_restart,T6: No Restart,No Restart,0,1.020789756557408,0.005370438074662977,0.0032215999964634646
CIFAR-100,EdgeGPU,cifar100,edgegpu_latency,no_restart,T6: No Restart,No Restart,1,1.0212893396042195,0.0010983108265504326,0.03076355488448363
CIFAR-100,EdgeGPU,cifar100,edgegpu_latency,no_restart,T6: No Restart,No Restart,2,1.0187069969070308,0.0017863268335725226,0.0015079000507321593
CIFAR-100,EdgeGPU,cifar100,edgegpu_latency,no_restart,T6: No Restart,No Restart,3,1.0221957195020646,0.001028511482875606,0.004960170805085252
CIFAR-100,EdgeGPU,cifar100,edgegpu_latency,no_restart,T6: No Restart,No Restart,4,1.0206537673812501,0.0051089450474575415,0.037560791544984574
CIFAR-100,EdgeGPU,cifar100,edgegpu_latency,no_restart,T6: No Restart,No Restart,5,1.019400513898195,0.0007978830957883749,0.03762302951384983
CIFAR-100,EdgeGPU,cifar100,edgegpu_latency,no_restart,T6: No Restart,No Restart,6,1.0196379693267923,0.0023334948081642436,0.031185374703826464
CIFAR-100,EdgeGPU,cifar100,edgegpu_latency,no_restart,T6: No Restart,No Restart,7,1.0215959739935165,0.0020942275154304216,0.02817666110467721
CIFAR-100,EdgeGPU,cifar100,edgegpu_latency,no_restart,T6: No Restart,No Restart,8,1.0101467739363699,0.03669160301876509,0.005065857127311308
CIFAR-100,EdgeGPU,cifar100,edgegpu_latency,no_restart,T6: No Restart,No Restart,9,1.0200211320883636,0.0033610852854704366,0.03669269382449786
CIFAR-100,EdgeGPU,cifar100,edgegpu_latency,no_restart,T6: No Restart,No Restart,10,1.0216626151648849,0.0011214353475134267,0.0351082672894795
CIFAR-100,EdgeGPU,cifar100,edgegpu_latency,no_restart,T6: No Restart,No Restart,11,1.018068521338279,0.0019474468996381602,0.007536802092921011
CIFAR-100,EdgeGPU,cifar100,edgegpu_latency,no_restart,T6: No Restart,No Restart,12,1.019393169585997,0.0012102979554900837,0.02531982166226681
CIFAR-100,EdgeGPU,cifar100,edgegpu_latency,no_restart,T6: No Restart,No Restart,13,1.0206591345336766,0.0014503812073727725,0.0328731021702075
CIFAR-100,EdgeGPU,cifar100,edgegpu_latency,no_restart,T6: No Restart,No Restart,14,1.021003042547623,0.003864260884604513,0.04248000122752995
CIFAR-100,EdgeGPU,cifar100,edgegpu_latency,no_restart,T6: No Restart,No Restart,15,1.02015214171838,0.004974370478054245,0.037915986409237865
CIFAR-100,EdgeGPU,cifar100,edgegpu_latency,no_restart,T6: No Restart,No Restart,16,1.0212090804501506,0.0011426304373438815,0.0010902779033830294
CIFAR-100,EdgeGPU,cifar100,edgegpu_latency,no_restart,T6: No Restart,No Restart,17,1.0211365605853144,0.005197915737341485,0.001720947236517005
CIFAR-100,EdgeGPU,cifar100,edgegpu_latency,no_restart,T6: No Restart,No Restart,18,1.0200370476302314,0.004055309409403021,0.02848858218718246
CIFAR-100,EdgeGPU,cifar100,edgegpu_latency,no_restart,T6: No Restart,No Restart,19,1.0206844378009863,0.0032770471106572307,0.0010938335053598915
CIFAR-100,EdgeGPU,cifar100,edgegpu_latency,no_restart,T6: No Restart,No Restart,20,1.019591939317798,0.0031100501955516405,0.005418304224198722
CIFAR-100,EdgeGPU,cifar100,edgegpu_latency,no_restart,T6: No Restart,No Restart,21,1.0187114045050916,0.0008851680975245571,0.0053842448915028965
CIFAR-100,EdgeGPU,cifar100,edgegpu_latency,no_restart,T6: No Restart,No Restart,22,1.0212818199192175,0.002202460799703632,0.005398928725349592
CIFAR-100,EdgeGPU,cifar100,edgegpu_latency,no_restart,T6: No Restart,No Restart,23,1.0199206883300669,0.006639557828027247,0.0005062548383962574
CIFAR-100,EdgeGPU,cifar100,edgegpu_latency,no_restart,T6: No Restart,No Restart,24,1.0166439386444286,0.0025843916072523284,0.0050156183196346715
CIFAR-100,EdgeGPU,cifar100,edgegpu_latency,no_restart,T6: No Restart,No Restart,25,1.0187799328875908,0.006213665597381767,0.04270081775943482
CIFAR-100,EdgeGPU,cifar100,edgegpu_latency,no_restart,T6: No Restart,No Restart,26,1.021321936492354,0.0012387026555126237,0.0034194133068336965
CIFAR-100,EdgeGPU,cifar100,edgegpu_latency,no_restart,T6: No Restart,No Restart,27,1.0213832292658633,0.001076852755613233,0.02883046395176064
CIFAR-100,EdgeGPU,cifar100,edgegpu_latency,no_restart,T6: No Restart,No Restart,28,1.0215402796171549,0.00507384655400665,0.0009372066649631658
CIFAR-100,EdgeGPU,cifar100,edgegpu_latency,no_restart,T6: No Restart,No Restart,29,1.0196059447966557,0.001517531299233614,0.0011329512165094372
CIFAR-100,RPi-4,cifar100,raspi4_latency,no_restart,T6: No Restart,No Restart,0,1.1300597534292942,0.008068061332100135,0.03642057116475341
CIFAR-100,RPi-4,cifar100,raspi4_latency,no_restart,T6: No Restart,No Restart,1,1.128391455601634,0.005132868012330657,0.00877038466632107
CIFAR-100,RPi-4,cifar100,raspi4_latency,no_restart,T6: No Restart,No Restart,2,1.1324434309994884,0.0036941676895236174,0.02762464802748317
CIFAR-100,RPi-4,cifar100,raspi4_latency,no_restart,T6: No Restart,No Restart,3,1.1327165357492301,0.004674886093961214,0.00311125455182079
CIFAR-100,RPi-4,cifar100,raspi4_latency,no_restart,T6: No Restart,No Restart,4,1.1320225789710983,0.0059717538587711885,0.0032730375948927916
CIFAR-100,RPi-4,cifar100,raspi4_latency,no_restart,T6: No Restart,No Restart,5,1.1347269436875715,0.005801049847927322,0.030984411987055534
CIFAR-100,RPi-4,cifar100,raspi4_latency,no_restart,T6: No Restart,No Restart,6,1.1347759395583321,0.00498862360467241,0.02686441231246727
CIFAR-100,RPi-4,cifar100,raspi4_latency,no_restart,T6: No Restart,No Restart,7,1.1331620538584677,0.0028207747394302517,0.0063001230227633116
CIFAR-100,RPi-4,cifar100,raspi4_latency,no_restart,T6: No Restart,No Restart,8,1.1307213176973598,0.003997651531706031,0.037761667861688504
CIFAR-100,RPi-4,cifar100,raspi4_latency,no_restart,T6: No Restart,No Restart,9,1.1356439848821593,0.005085397828226059,0.030756887207339566
CIFAR-100,RPi-4,cifar100,raspi4_latency,no_restart,T6: No Restart,No Restart,10,1.1327035025972914,0.0041821584339742455,0.029232574953984517
CIFAR-100,RPi-4,cifar100,raspi4_latency,no_restart,T6: No Restart,No Restart,11,1.128825205103772,0.005270608041370436,0.04209813678188855
CIFAR-100,RPi-4,cifar100,raspi4_latency,no_restart,T6: No Restart,No Restart,12,1.1299685138381932,0.006579361635389113,0.036930658078845637
CIFAR-100,RPi-4,cifar100,raspi4_latency,no_restart,T6: No Restart,No Restart,13,1.1230232392855466,0.0051309101165429175,0.00430196618916778
CIFAR-100,RPi-4,cifar100,raspi4_latency,no_restart,T6: No Restart,No Restart,14,1.1311488986592897,0.0045749110736093565,0.004688970471865171
CIFAR-100,RPi-4,cifar100,raspi4_latency,no_restart,T6: No Restart,No Restart,15,1.128927797579249,0.005582040155845342,0.0029048838701972424
CIFAR-100,RPi-4,cifar100,raspi4_latency,no_restart,T6: No Restart,No Restart,16,1.126187571802509,0.00673471217032481,0.003779038818113632
CIFAR-100,RPi-4,cifar100,raspi4_latency,no_restart,T6: No Restart,No Restart,17,1.1329654803440703,0.0033558822468105244,0.032512632206778816
CIFAR-100,RPi-4,cifar100,raspi4_latency,no_restart,T6: No Restart,No Restart,18,1.1280747218925395,0.004594393542300065,0.007407408497321139
CIFAR-100,RPi-4,cifar100,raspi4_latency,no_restart,T6: No Restart,No Restart,19,1.1351306360317202,0.0045849188548899526,0.0034280604385058784
CIFAR-100,RPi-4,cifar100,raspi4_latency,no_restart,T6: No Restart,No Restart,20,1.1304389699997068,0.007795892841978414,0.05603261079017948
CIFAR-100,RPi-4,cifar100,raspi4_latency,no_restart,T6: No Restart,No Restart,21,1.1350624076322453,0.005423000637408833,0.012910047461430343
CIFAR-100,RPi-4,cifar100,raspi4_latency,no_restart,T6: No Restart,No Restart,22,1.1328184990324535,0.005544146997825631,0.004500209765856982
CIFAR-100,RPi-4,cifar100,raspi4_latency,no_restart,T6: No Restart,No Restart,23,1.1357297813193217,0.002986075979594449,0.03720615200941643
CIFAR-100,RPi-4,cifar100,raspi4_latency,no_restart,T6: No Restart,No Restart,24,1.1129061459835206,0.025504333990491034,0.0034310325103080463
CIFAR-100,RPi-4,cifar100,raspi4_latency,no_restart,T6: No Restart,No Restart,25,1.1154756187451207,0.01221417127844406,0.001934211683790059
CIFAR-100,RPi-4,cifar100,raspi4_latency,no_restart,T6: No Restart,No Restart,26,1.133640890329449,0.004571210787554442,0.001590128015660767
CIFAR-100,RPi-4,cifar100,raspi4_latency,no_restart,T6: No Restart,No Restart,27,1.1334010938208934,0.002721475778511125,0.05188637841238755
CIFAR-100,RPi-4,cifar100,raspi4_latency,no_restart,T6: No Restart,No Restart,28,1.1201347448429813,0.008214198887206873,0.004735982140171509
CIFAR-100,RPi-4,cifar100,raspi4_latency,no_restart,T6: No Restart,No Restart,29,1.1333357978371572,0.003563449693172033,0.003353501217353569
CIFAR-100,Eyeriss,cifar100,eyeriss_latency,no_restart,T6: No Restart,No Restart,0,1.0413302286378319,0.004648406221311819,0.024805614402505227
CIFAR-100,Eyeriss,cifar100,eyeriss_latency,no_restart,T6: No Restart,No Restart,1,1.0408918586427607,0.0007996783120061932,0.014087088165516737
CIFAR-100,Eyeriss,cifar100,eyeriss_latency,no_restart,T6: No Restart,No Restart,2,1.0357444236668936,0.020950560969038783,0.007117559573888266
CIFAR-100,Eyeriss,cifar100,eyeriss_latency,no_restart,T6: No Restart,No Restart,3,1.0353892330765464,0.026731109561102993,0.021159515360241223
CIFAR-100,Eyeriss,cifar100,eyeriss_latency,no_restart,T6: No Restart,No Restart,4,1.0332199166233729,0.028392933388261574,0.007976940930888753
CIFAR-100,Eyeriss,cifar100,eyeriss_latency,no_restart,T6: No Restart,No Restart,5,1.0281101355523274,0.019551009611955272,0.003376030235222478
CIFAR-100,Eyeriss,cifar100,eyeriss_latency,no_restart,T6: No Restart,No Restart,6,1.041005192311718,0.0005253560954669817,0.0275560519666875
CIFAR-100,Eyeriss,cifar100,eyeriss_latency,no_restart,T6: No Restart,No Restart,7,1.0374148539940213,0.008804925628522331,0.017836089005198185
CIFAR-100,Eyeriss,cifar100,eyeriss_latency,no_restart,T6: No Restart,No Restart,8,1.0407708609812298,0.0016704140856997477,0.012196806833916218
CIFAR-100,Eyeriss,cifar100,eyeriss_latency,no_restart,T6: No Restart,No Restart,9,1.031534348613397,0.04133083026787785,0.00463091945091416
CIFAR-100,Eyeriss,cifar100,eyeriss_latency,no_restart,T6: No Restart,No Restart,10,1.0237943043214022,0.02969005343573709,0.004029504424309783
CIFAR-100,Eyeriss,cifar100,eyeriss_latency,no_restart,T6: No Restart,No Restart,11,0.9784201812473694,0.09581035859062338,0.012959796759327947
CIFAR-100,Eyeriss,cifar100,eyeriss_latency,no_restart,T6: No Restart,No Restart,12,1.0300452936771025,0.04163087020613418,0.016644441172577268
CIFAR-100,Eyeriss,cifar100,eyeriss_latency,no_restart,T6: No Restart,No Restart,13,0.9489566711076305,0.10746350593273124,0.005279020714426199
CIFAR-100,Eyeriss,cifar100,eyeriss_latency,no_restart,T6: No Restart,No Restart,14,1.0309597827232158,0.012187824812228173,0.013501777189375404
CIFAR-100,Eyeriss,cifar100,eyeriss_latency,no_restart,T6: No Restart,No Restart,15,0.9573014442041448,0.09086189761784841,0.019069607195372876
CIFAR-100,Eyeriss,cifar100,eyeriss_latency,no_restart,T6: No Restart,No Restart,16,1.0404761086709167,0.002118710147894007,0.028873426146504625
CIFAR-100,Eyeriss,cifar100,eyeriss_latency,no_restart,T6: No Restart,No Restart,17,1.0306800383441832,0.015444179001627279,0.01816508528068461
CIFAR-100,Eyeriss,cifar100,eyeriss_latency,no_restart,T6: No Restart,No Restart,18,1.032320444158645,0.03140302476095409,0.022132212824415774
CIFAR-100,Eyeriss,cifar100,eyeriss_latency,no_restart,T6: No Restart,No Restart,19,1.0363718174751835,0.008688632670341631,0.04177624784581641
CIFAR-100,Eyeriss,cifar100,eyeriss_latency,no_restart,T6: No Restart,No Restart,20,1.041133689613837,0.014459125974448794,0.00548633457428979
CIFAR-100,Eyeriss,cifar100,eyeriss_latency,no_restart,T6: No Restart,No Restart,21,1.0363339992183767,0.007430946151250731,0.011400859298825856
CIFAR-100,Eyeriss,cifar100,eyeriss_latency,no_restart,T6: No Restart,No Restart,22,1.02755077654583,0.021529452416845278,0.0161673137401328
CIFAR-100,Eyeriss,cifar100,eyeriss_latency,no_restart,T6: No Restart,No Restart,23,1.031897142645586,0.04146221154631573,0.009465798268939939
CIFAR-100,Eyeriss,cifar100,eyeriss_latency,no_restart,T6: No Restart,No Restart,24,0.9849583108214366,0.08901818440984229,0.010091478929877407
CIFAR-100,Eyeriss,cifar100,eyeriss_latency,no_restart,T6: No Restart,No Restart,25,1.0313150252141898,0.012257109984638796,0.006611405210660635
CIFAR-100,Eyeriss,cifar100,eyeriss_latency,no_restart,T6: No Restart,No Restart,26,1.0232273072726445,0.03921677478500774,0.0035174732868253514
CIFAR-100,Eyeriss,cifar100,eyeriss_latency,no_restart,T6: No Restart,No Restart,27,1.0314813234729063,0.008810277775812506,0.008814040504440132
CIFAR-100,Eyeriss,cifar100,eyeriss_latency,no_restart,T6: No Restart,No Restart,28,1.0400301871346305,0.015503205140608349,0.04004918542505445
CIFAR-100,Eyeriss,cifar100,eyeriss_latency,no_restart,T6: No Restart,No Restart,29,1.0419046907267593,0.0005087838785593232,0.020858280815316217
ImageNet-16,EdgeGPU,ImageNet16-120,edgegpu_latency,no_restart,T6: No Restart,No Restart,0,0.9852354528460752,0.03181719588046006,0.030157639990195467
ImageNet-16,EdgeGPU,ImageNet16-120,edgegpu_latency,no_restart,T6: No Restart,No Restart,1,0.9862315642439298,0.006903979184152191,0.021480647228946412
ImageNet-16,EdgeGPU,ImageNet16-120,edgegpu_latency,no_restart,T6: No Restart,No Restart,2,0.9785857977889019,0.011944528728677057,0.021737876995783927
ImageNet-16,EdgeGPU,ImageNet16-120,edgegpu_latency,no_restart,T6: No Restart,No Restart,3,0.9834152963341241,0.0070668315934719625,0.006797437442421385
ImageNet-16,EdgeGPU,ImageNet16-120,edgegpu_latency,no_restart,T6: No Restart,No Restart,4,0.9821111413471164,0.012535329288925996,0.024078031036078036
ImageNet-16,EdgeGPU,ImageNet16-120,edgegpu_latency,no_restart,T6: No Restart,No Restart,5,0.983488324084459,0.008937019405003275,0.02539417497459597
ImageNet-16,EdgeGPU,ImageNet16-120,edgegpu_latency,no_restart,T6: No Restart,No Restart,6,0.9842721481925639,0.005854446118256714,0.008676854145382436
ImageNet-16,EdgeGPU,ImageNet16-120,edgegpu_latency,no_restart,T6: No Restart,No Restart,7,0.9807101974985553,0.024646289549075887,0.0011158096032726106
ImageNet-16,EdgeGPU,ImageNet16-120,edgegpu_latency,no_restart,T6: No Restart,No Restart,8,0.9797900463790632,0.028878703881321032,0.01830661823163741
ImageNet-16,EdgeGPU,ImageNet16-120,edgegpu_latency,no_restart,T6: No Restart,No Restart,9,0.9831891190845399,0.03189411313142383,0.031445853274491654
ImageNet-16,EdgeGPU,ImageNet16-120,edgegpu_latency,no_restart,T6: No Restart,No Restart,10,0.9832893477964814,0.010439853656085352,0.003553178150645525
ImageNet-16,EdgeGPU,ImageNet16-120,edgegpu_latency,no_restart,T6: No Restart,No Restart,11,0.9823375021972096,0.0311405860373867,0.005827720552869349
ImageNet-16,EdgeGPU,ImageNet16-120,edgegpu_latency,no_restart,T6: No Restart,No Restart,12,0.983990987107591,0.006141410128613496,0.023800862897174875
ImageNet-16,EdgeGPU,ImageNet16-120,edgegpu_latency,no_restart,T6: No Restart,No Restart,13,0.9801453876452448,0.017296371672177943,0.002798509825672366
ImageNet-16,EdgeGPU,ImageNet16-120,edgegpu_latency,no_restart,T6: No Restart,No Restart,14,0.9813772351139373,0.023916579456451335,0.0037138088269208598
ImageNet-16,EdgeGPU,ImageNet16-120,edgegpu_latency,no_restart,T6: No Restart,No Restart,15,0.9815915652793847,0.03323844809239553,0.004655043241316244
ImageNet-16,EdgeGPU,ImageNet16-120,edgegpu_latency,no_restart,T6: No Restart,No Restart,16,0.9855200771092264,0.00840170833146493,0.004197314823935935
ImageNet-16,EdgeGPU,ImageNet16-120,edgegpu_latency,no_restart,T6: No Restart,No Restart,17,0.9786236008794856,0.00931933973650875,0.02735129837163308
ImageNet-16,EdgeGPU,ImageNet16-120,edgegpu_latency,no_restart,T6: No Restart,No Restart,18,0.9817753314398872,0.032659047374090526,0.003859307598041702
ImageNet-16,EdgeGPU,ImageNet16-120,edgegpu_latency,no_restart,T6: No Restart,No Restart,19,0.9812977155642283,0.006190616341782112,0.026694179992102732
ImageNet-16,EdgeGPU,ImageNet16-120,edgegpu_latency,no_restart,T6: No Restart,No Restart,20,0.9767379162515901,0.03648100758525428,0.0015821133769377681
ImageNet-16,EdgeGPU,ImageNet16-120,edgegpu_latency,no_restart,T6: No Restart,No Restart,21,0.9794671738451926,0.03336713732171519,0.004183762151490899
ImageNet-16,EdgeGPU,ImageNet16-120,edgegpu_latency,no_restart,T6: No Restart,No Restart,22,0.9838420915718451,0.030734553355713543,0.026833834143162535
ImageNet-16,EdgeGPU,ImageNet16-120,edgegpu_latency,no_restart,T6: No Restart,No Restart,23,0.9833459628221491,0.013232382327995515,0.029761679614920936
ImageNet-16,EdgeGPU,ImageNet16-120,edgegpu_latency,no_restart,T6: No Restart,No Restart,24,0.9795169475020864,0.025445017793018648,0.0273540125691509
ImageNet-16,EdgeGPU,ImageNet16-120,edgegpu_latency,no_restart,T6: No Restart,No Restart,25,0.9816031641238587,0.014615046838141318,0.0020899503501238064
ImageNet-16,EdgeGPU,ImageNet16-120,edgegpu_latency,no_restart,T6: No Restart,No Restart,26,0.9803325606167926,0.015265538623226466,0.004346363487349709
ImageNet-16,EdgeGPU,ImageNet16-120,edgegpu_latency,no_restart,T6: No Restart,No Restart,27,0.9821849062719572,0.03937829577201881,0.004966907092814818
ImageNet-16,EdgeGPU,ImageNet16-120,edgegpu_latency,no_restart,T6: No Restart,No Restart,28,0.9811701384630646,0.011577971182423364,0.02754921453584773
ImageNet-16,EdgeGPU,ImageNet16-120,edgegpu_latency,no_restart,T6: No Restart,No Restart,29,0.9838482024135349,0.008255326331877762,0.0019109407402899301
ImageNet-16,RPi-4,ImageNet16-120,raspi4_latency,no_restart,T6: No Restart,No Restart,0,0.9799359933978822,0.07045070347011663,0.0359394696870662
ImageNet-16,RPi-4,ImageNet16-120,raspi4_latency,no_restart,T6: No Restart,No Restart,1,0.9939938087652305,0.02138216226768357,0.00664973061079237
ImageNet-16,RPi-4,ImageNet16-120,raspi4_latency,no_restart,T6: No Restart,No Restart,2,0.9985701003484305,0.016142964196276637,0.004257679787631416
ImageNet-16,RPi-4,ImageNet16-120,raspi4_latency,no_restart,T6: No Restart,No Restart,3,1.0016083845416013,0.006520649507005857,0.024200716714616207
ImageNet-16,RPi-4,ImageNet16-120,raspi4_latency,no_restart,T6: No Restart,No Restart,4,0.989909799668276,0.04535010844150834,0.02376248639113448
ImageNet-16,RPi-4,ImageNet16-120,raspi4_latency,no_restart,T6: No Restart,No Restart,5,0.9938102306727762,0.027014076716863955,0.0415008821717916
ImageNet-16,RPi-4,ImageNet16-120,raspi4_latency,no_restart,T6: No Restart,No Restart,6,0.9980201825289043,0.014522782984868001,0.003021775126984514
ImageNet-16,RPi-4,ImageNet16-120,raspi4_latency,no_restart,T6: No Restart,No Restart,7,1.0019635445078474,0.009642090195680382,0.006136880734964205
ImageNet-16,RPi-4,ImageNet16-120,raspi4_latency,no_restart,T6: No Restart,No Restart,8,0.9859520987583901,0.060361697890139954,0.0167493513858877
ImageNet-16,RPi-4,ImageNet16-120,raspi4_latency,no_restart,T6: No Restart,No Restart,9,0.9979485034040186,0.018231958553082232,0.029997844760256492
ImageNet-16,RPi-4,ImageNet16-120,raspi4_latency,no_restart,T6: No Restart,No Restart,10,0.9899188701236414,0.01756873791084977,0.02491515803692695
ImageNet-16,RPi-4,ImageNet16-120,raspi4_latency,no_restart,T6: No Restart,No Restart,11,0.9991605265797875,0.014918245032248267,0.004828894462238107
ImageNet-16,RPi-4,ImageNet16-120,raspi4_latency,no_restart,T6: No Restart,No Restart,12,0.9967433426499325,0.020569010171279767,0.03116981747369971
ImageNet-16,RPi-4,ImageNet16-120,raspi4_latency,no_restart,T6: No Restart,No Restart,13,0.9943316092869928,0.019896778849743172,0.022713185700972287
ImageNet-16,RPi-4,ImageNet16-120,raspi4_latency,no_restart,T6: No Restart,No Restart,14,0.9947931539159949,0.04088875342092206,0.039976357967909645
ImageNet-16,RPi-4,ImageNet16-120,raspi4_latency,no_restart,T6: No Restart,No Restart,15,0.9843583105121756,0.031653391523114416,0.0034503480355082385
ImageNet-16,RPi-4,ImageNet16-120,raspi4_latency,no_restart,T6: No Restart,No Restart,16,1.0021821133964623,0.004904597514019136,0.021807831806274033
ImageNet-16,RPi-4,ImageNet16-120,raspi4_latency,no_restart,T6: No Restart,No Restart,17,1.0017949584233852,0.004068563419772498,0.002862471884944318
ImageNet-16,RPi-4,ImageNet16-120,raspi4_latency,no_restart,T6: No Restart,No Restart,18,1.0006569942280468,0.009773556888867007,0.0012669005095517218
ImageNet-16,RPi-4,ImageNet16-120,raspi4_latency,no_restart,T6: No Restart,No Restart,19,1.002350571981955,0.008908774973409656,0.02322048763219707
ImageNet-16,RPi-4,ImageNet16-120,raspi4_latency,no_restart,T6: No Restart,No Restart,20,1.0012735351983972,0.00644577367851344,0.02752140550122162
ImageNet-16,RPi-4,ImageNet16-120,raspi4_latency,no_restart,T6: No Restart,No Restart,21,0.9815312267231789,0.04224262339766341,0.027436441396516995
ImageNet-16,RPi-4,ImageNet16-120,raspi4_latency,no_restart,T6: No Restart,No Restart,22,0.9998602752127864,0.013108061700831735,0.030726603644849755
ImageNet-16,RPi-4,ImageNet16-120,raspi4_latency,no_restart,T6: No Restart,No Restart,23,1.0037896554464065,0.003555219598183672,0.024450747304045544
ImageNet-16,RPi-4,ImageNet16-120,raspi4_latency,no_restart,T6: No Restart,No Restart,24,0.9843143106608202,0.02781331737166535,0.015237686529249709
ImageNet-16,RPi-4,ImageNet16-120,raspi4_latency,no_restart,T6: No Restart,No Restart,25,0.9983040138506338,0.05338693414878532,0.02288151845676741
ImageNet-16,RPi-4,ImageNet16-120,raspi4_latency,no_restart,T6: No Restart,No Restart,26,1.0000701551749216,0.012147266136877154,0.020369859401887295
ImageNet-16,RPi-4,ImageNet16-120,raspi4_latency,no_restart,T6: No Restart,No Restart,27,1.0003864351503688,0.01202199571952801,0.0034403785878720176
ImageNet-16,RPi-4,ImageNet16-120,raspi4_latency,no_restart,T6: No Restart,No Restart,28,0.9962768346789349,0.0336543116551623,0.0042991086997123795
ImageNet-16,RPi-4,ImageNet16-120,raspi4_latency,no_restart,T6: No Restart,No Restart,29,0.9996310201555029,0.013669525444864574,0.022378975414123068
ImageNet-16,Eyeriss,ImageNet16-120,eyeriss_latency,no_restart,T6: No Restart,No Restart,0,0.9203463840023387,0.03849198233404893,0.02288538460548731
ImageNet-16,Eyeriss,ImageNet16-120,eyeriss_latency,no_restart,T6: No Restart,No Restart,1,0.9692806300714558,0.019482218586491608,0.009807608001601497
ImageNet-16,Eyeriss,ImageNet16-120,eyeriss_latency,no_restart,T6: No Restart,No Restart,2,0.9647690671682826,0.00465241069012258,0.009986082461888654
ImageNet-16,Eyeriss,ImageNet16-120,eyeriss_latency,no_restart,T6: No Restart,No Restart,3,0.9683629023192887,0.0028180272608284568,0.0047958522414758556
ImageNet-16,Eyeriss,ImageNet16-120,eyeriss_latency,no_restart,T6: No Restart,No Restart,4,0.9286056644393037,0.2340990351325846,0.05644686676854513
ImageNet-16,Eyeriss,ImageNet16-120,eyeriss_latency,no_restart,T6: No Restart,No Restart,5,0.9231586222288988,0.05535106558575945,0.0221669769460014
ImageNet-16,Eyeriss,ImageNet16-120,eyeriss_latency,no_restart,T6: No Restart,No Restart,6,0.977850781237137,0.0024012227649733405,0.00901745982946743
ImageNet-16,Eyeriss,ImageNet16-120,eyeriss_latency,no_restart,T6: No Restart,No Restart,7,0.9691177906032015,0.002986901746644786,0.007856686057702286
ImageNet-16,Eyeriss,ImageNet16-120,eyeriss_latency,no_restart,T6: No Restart,No Restart,8,0.9589342409873712,0.003051457167797318,0.019579079464995954
ImageNet-16,Eyeriss,ImageNet16-120,eyeriss_latency,no_restart,T6: No Restart,No Restart,9,0.9568323952769037,0.003235242812197172,0.014945496813538246
ImageNet-16,Eyeriss,ImageNet16-120,eyeriss_latency,no_restart,T6: No Restart,No Restart,10,0.9726553921695176,0.03081510697225678,0.008175364252910607
ImageNet-16,Eyeriss,ImageNet16-120,eyeriss_latency,no_restart,T6: No Restart,No Restart,11,0.9556483078090787,0.036973651245245646,0.021846511961117913
ImageNet-16,Eyeriss,ImageNet16-120,eyeriss_latency,no_restart,T6: No Restart,No Restart,12,0.9624274839930087,0.03233938380737424,0.0053566741622988676
ImageNet-16,Eyeriss,ImageNet16-120,eyeriss_latency,no_restart,T6: No Restart,No Restart,13,0.9683925136531272,0.002969948673689289,0.008037483938628614
ImageNet-16,Eyeriss,ImageNet16-120,eyeriss_latency,no_restart,T6: No Restart,No Restart,14,0.9556039136761781,0.0034662401053824083,0.01146221873417973
ImageNet-16,Eyeriss,ImageNet16-120,eyeriss_latency,no_restart,T6: No Restart,No Restart,15,0.9363765230246799,0.037101725300152995,0.00416377320780986
ImageNet-16,Eyeriss,ImageNet16-120,eyeriss_latency,no_restart,T6: No Restart,No Restart,16,0.9677856515479305,0.0030633022595719897,0.0056982820750886756
ImageNet-16,Eyeriss,ImageNet16-120,eyeriss_latency,no_restart,T6: No Restart,No Restart,17,0.972418572643254,0.002519109412314233,0.012655431947979351
ImageNet-16,Eyeriss,ImageNet16-120,eyeriss_latency,no_restart,T6: No Restart,No Restart,18,0.9696210511530586,0.018339983824338817,0.011973437011623064
ImageNet-16,Eyeriss,ImageNet16-120,eyeriss_latency,no_restart,T6: No Restart,No Restart,19,0.9713084449064546,0.030701162333579755,0.015151873617255432
ImageNet-16,Eyeriss,ImageNet16-120,eyeriss_latency,no_restart,T6: No Restart,No Restart,20,0.9567169593515208,0.18511354729422502,0.01322795322245776
ImageNet-16,Eyeriss,ImageNet16-120,eyeriss_latency,no_restart,T6: No Restart,No Restart,21,0.9364209679750404,0.0357181202007831,0.014583630892770563
ImageNet-16,Eyeriss,ImageNet16-120,eyeriss_latency,no_restart,T6: No Restart,No Restart,22,0.9749644409906643,0.0027086749643728688,0.006708861401947947
ImageNet-16,Eyeriss,ImageNet16-120,eyeriss_latency,no_restart,T6: No Restart,No Restart,23,0.9754677066222673,0.002688906979498581,0.005811084802793741
ImageNet-16,Eyeriss,ImageNet16-120,eyeriss_latency,no_restart,T6: No Restart,No Restart,24,0.9733806742013379,0.0027529234596246374,0.006672858858487161
ImageNet-16,Eyeriss,ImageNet16-120,eyeriss_latency,no_restart,T6: No Restart,No Restart,25,0.9482652331942089,0.0038803839485167402,0.007326700793368873
ImageNet-16,Eyeriss,ImageNet16-120,eyeriss_latency,no_restart,T6: No Restart,No Restart,26,0.9779099886595758,0.0024146639174065293,0.00819475831047882
ImageNet-16,Eyeriss,ImageNet16-120,eyeriss_latency,no_restart,T6: No Restart,No Restart,27,0.956391331232472,0.00374228063751583,0.014136533959636726
ImageNet-16,Eyeriss,ImageNet16-120,eyeriss_latency,no_restart,T6: No Restart,No Restart,28,0.9676376456961985,0.0036473790234693745,0.021282468321520934
ImageNet-16,Eyeriss,ImageNet16-120,eyeriss_latency,no_restart,T6: No Restart,No Restart,29,0.9603877788887606,0.0034840513478647684,0.007412578575556949
